Time-Stamp,DeviceID,DeviceType,Status,MAX_High_Current,MIN_High_Current,MAX_Mid_Current,MIN_Mid_Current,MAX_Low_Current,MIN_Low_Current,MAX_Off_Current,MIN_Off_Current,SW1,Current-1,SW2,Current-2,SW3,Current-3,SW4,Current-4,Lot_ID,Issue-Name,Print_Status,Firmware_Version
2024-07-01 16:06:31,F4CE36012B01D565,Actuator Controller 3CH,GOOD,1500,20,1500,20,1500,20,15,4,3,855 mA,off,11 mA,1,809 mA,2,839 mA,DEMO-L202411,,1,
2024-07-02 13:42:23,F4CE36015A4103E9,Actuator Controller 3CH,GOOD,1500,20,1500,20,1500,20,15,4,3,944 mA,off,10 mA,1,820 mA,2,809 mA,DEMO-L202411,,1,
2024-07-02 13:42:23,F4CE3601FD3977C0,Actuator Controller 3CH,GOOD,1500,20,1500,20,1500,20,15,4,3,864 mA,off,11 mA,1,776 mA,2,860 mA,DEMO-L202411,,1,
2024-07-02 10:25:49,F4CE360282994D1B,Actuator Controller 3CH,GOOD,1500,20,1500,20,1500,20,15,4,3,904 mA,off,12 mA,1,1012 mA,2,879 mA,DEMO-L202411,,1,
2024-07-02 13:42:23,F4CE3602B92F8E18,Actuator Controller 3CH,GOOD,1500,20,1500,20,1500,20,15,4,3,902 mA,off,11 mA,1,1021 mA,2,946 mA,DEMO-L202411,,1,
2024-07-04 15:15:21,F4CE3602DA7D1F59,Actuator Controller 3CH,GOOD,1500,20,1500,20,1500,20,15,4,3,940 mA,off,11 mA,1,809 mA,2,877 mA,DEMO-L202411,,1,
2024-07-02 10:25:49,F4CE3603533C0ED2,Actuator Controller 3CH,GOOD,1500,20,1500,20,1500,20,15,4,3,1014 mA,off,11 mA,1,946 mA,2,913 mA,DEMO-L202411,,1,
2024-07-01 13:59:24,F4CE36041A5789BB,Actuator Controller 3CH,GOOD,1500,20,1500,20,1500,20,15,4,3,848 mA,off,11 mA,1,1028 mA,2,885 mA,DEMO-L202411,,1,
2024-07-01 14:17:07,F4CE360492DAAAEA,Actuator Controller 3CH,GOOD,1500,20,1500,20,1500,20,15,4,3,847 mA,off,12 mA,1,923 mA,2,975 mA,DEMO-L202411,,1,
2024-07-03 16:06:07,F4CE360532F60546,Actuator Controller 3CH,GOOD,1500,20,1500,20,1500,20,15,4,3,871 mA,off,10 mA,1,952 mA,2,1003 mA,DEMO-L202411,,1,
2024-07-04 09:46:15,F4CE3605393B79DB,Actuator Controller 3CH,GOOD,1500,20,1500,20,1500,20,15,4,3,900 mA,off,9 mA,1,1002 mA,2,889 mA,DEMO-L202411,,1,
2024-07-01 12:40:20,F4CE36058BA39976,Actuator Controller 3CH,GOOD,1500,20,1500,20,1500,20,15,4,3,1038 mA,off,10 mA,1,900 mA,2,994 mA,DEMO-L202411,,1,
2024-07-02 11:47:55,F4CE3605E348BD0B,Actuator Controller 3CH,GOOD,1500,20,1500,20,1500,20,15,4,HIGH,851 mA,OFF,12 mA,LOW,1002 mA,MID,966 mA,DEMO-L202411,,1,
2024-07-03 16:06:07,F4CE3606B2CA5896,Actuator Controller 3CH,GOOD,1500,20,1500,20,1500,20,15,4,3,1046 mA,off,11 mA,1,1080 mA,2,960 mA,DEMO-L202411,,1,
2024-07-04 15:21:13,F4CE3606B42F53EF,Actuator Controller 3CH,GOOD,1500,20,1500,20,1500,20,15,4,HIGH,11 mA,OFF,11 mA,LOW,16 mA,MID,12 mA,DEMO-L202411,,1,
2024-07-04 09:46:15,F4CE3606EE46814D,Actuator Controller 3CH,GOOD,1500,20,1500,20,1500,20,15,4,3,964 mA,off,12 mA,1,1074 mA,2,1071 mA,DEMO-L202411,,1,
2024-07-03 16:06:07,F4CE3607073423C0,Actuator Controller 3CH,GOOD,1500,20,1500,20,1500,20,15,4,3,843 mA,off,11 mA,1,1090 mA,2,869 mA,DEMO-L202411,,1,
2024-07-04 15:15:21,F4CE360764267CD3,Actuator Controller 3CH,GOOD,1500,20,1500,20,1500,20,15,4,3,955 mA,off,11 mA,1,871 mA,2,1043 mA,DEMO-L202411,,1,
2024-07-04 15:15:21,F4CE3609B40EA3BA,Actuator Controller 3CH,GOOD,1500,20,1500,20,1500,20,15,4,3,853 mA,off,11 mA,1,952 mA,2,864 mA,DEMO-L202411,,1,
2024-07-04 10:26:46,F4CE3609F3CDA5CC,Actuator Controller 3CH,GOOD,1500,20,1500,20,1500,20,15,4,3,1056 mA,off,10 mA,1,848 mA,2,947 mA,DEMO-L202411,,1,
2024-07-04 10:49:42,F4CE360A90880ECB,Actuator Controller 3CH,GOOD,1500,20,1500,20,1500,20,15,4,3,831 mA,off,12 mA,1,841 mA,2,1109 mA,DEMO-L202411,,1,
2024-07-01 14:17:07,F4CE360AD75242E7,Actuator Controller 3CH,GOOD,1500,20,1500,20,1500,20,15,4,3,993 mA,off,13 mA,1,986 mA,2,996 mA,DEMO-L202411,,1,
2024-07-02 10:25:49,F4CE360B52D91E1B,Actuator Controller 3CH,GOOD,1500,20,1500,20,1500,20,15,4,3,998 mA,off,12 mA,1,995 mA,2,882 mA,DEMO-L202411,,1,
2024-07-02 13:42:23,F4CE360B5CC48759,Actuator Controller 3CH,GOOD,1500,20,1500,20,1500,20,15,4,3,1007 mA,off,12 mA,1,1008 mA,2,1003 mA,DEMO-L202411,,1,
2024-07-02 10:25:49,F4CE360B83DCF0A3,Actuator Controller 3CH,GOOD,1500,20,1500,20,1500,20,15,4,3,947 mA,off,12 mA,1,920 mA,2,932 mA,DEMO-L202411,,1,
2024-07-02 13:42:23,F4CE360BEFFAF085,Actuator Controller 3CH,GOOD,1500,20,1500,20,1500,20,15,4,3,787 mA,off,10 mA,1,932 mA,2,790 mA,DEMO-L202411,,1,
2024-07-04 10:49:42,F4CE360C01109A39,Actuator Controller 3CH,GOOD,1500,20,1500,20,1500,20,15,4,3,1144 mA,off,10 mA,1,1041 mA,2,1059 mA,DEMO-L202411,,1,
2024-07-04 09:46:15,F4CE360C76DC8E50,Actuator Controller 3CH,GOOD,1500,20,1500,20,1500,20,15,4,3,901 mA,off,11 mA,1,1088 mA,2,1103 mA,DEMO-L202411,,1,
2024-07-02 13:42:23,F4CE360D9B317D62,Actuator Controller 3CH,GOOD,1500,20,1500,20,1500,20,15,4,3,845 mA,off,11 mA,1,840 mA,2,979 mA,DEMO-L202411,,1,
2024-07-04 14:34:19,F4CE360DBE93BD60,Actuator Controller 3CH,GOOD,1500,20,1500,20,1500,20,15,4,3,963 mA,off,11 mA,1,836 mA,2,980 mA,DEMO-L202411,,1,
2024-07-02 10:25:49,F4CE360E1FC5A5AB,Actuator Controller 3CH,GOOD,1500,20,1500,20,1500,20,15,4,3,912 mA,off,10 mA,1,966 mA,2,955 mA,DEMO-L202411,,1,
2024-07-02 10:25:49,F4CE360E74AB7DAA,Actuator Controller 3CH,GOOD,1500,20,1500,20,1500,20,15,4,3,922 mA,off,11 mA,1,976 mA,2,934 mA,DEMO-L202411,,1,
2024-07-04 15:15:21,F4CE360EECA07A26,Actuator Controller 3CH,GOOD,1500,20,1500,20,1500,20,15,4,HIGH,802 mA,OFF,11 mA,LOW,832 mA,MID,869 mA,DEMO-L202411,,1,
2024-07-04 14:16:01,F4CE360F7697FC69,Actuator Controller 3CH,GOOD,1500,20,1500,20,1500,20,15,4,3,973 mA,off,12 mA,1,911 mA,2,1008 mA,DEMO-L202411,,1,
2024-07-01 13:59:24,F4CE361028FB40FC,Actuator Controller 3CH,GOOD,1500,20,1500,20,1500,20,15,4,3,989 mA,off,11 mA,1,895 mA,2,997 mA,DEMO-L202411,,1,
2024-07-04 10:49:42,F4CE3610EAF32397,Actuator Controller 3CH,GOOD,1500,20,1500,20,1500,20,15,4,3,955 mA,off,11 mA,1,856 mA,2,1164 mA,DEMO-L202411,,1,
2024-07-04 15:15:21,F4CE361105B2E110,Actuator Controller 3CH,GOOD,1500,20,1500,20,1500,20,15,4,3,832 mA,off,11 mA,1,829 mA,2,999 mA,DEMO-L202411,,1,
2024-07-02 13:42:23,F4CE36113515BF1E,Actuator Controller 3CH,GOOD,1500,20,1500,20,1500,20,15,4,3,946 mA,off,10 mA,1,903 mA,2,860 mA,DEMO-L202411,,1,
2024-07-03 16:06:07,F4CE36115DDDAC70,Actuator Controller 3CH,GOOD,1500,20,1500,20,1500,20,15,4,3,865 mA,off,11 mA,1,1088 mA,2,1067 mA,DEMO-L202411,,1,
2024-07-01 13:10:39,F4CE361187C10FD7,Actuator Controller 3CH,GOOD,1500,20,1500,20,1500,20,15,4,3,978 mA,off,10 mA,1,856 mA,2,901 mA,DEMO-L202411,,1,
2024-07-04 15:15:21,F4CE3611989772E8,Actuator Controller 3CH,GOOD,1500,20,1500,20,1500,20,15,4,3,968 mA,off,10 mA,1,1032$mA,2,841 mA,DEMO-L202411,,1,
2024-07-03 16:06:07,F4CE3611DF570ABB,Actuator Controller 3CH,GOOD,1500,20,1500,20,1500,20,15,4,3,1039 mA,off,11 mA,1,951 mA,2,1041 mA,DEMO-L202411,,1,
2024-07-02 10:25:49,F4CE361227A5C3F1,Actuator Controller 3CH,GOOD,1500,20,1500,20,1500,20,15,4,3,899 mA,off,13 mA,1,1025 mA,2,964 mA,DEMO-L202411,,1,
2024-07-02 11:47:55,F4CE36125D82AE2C,Actuator Controller 3CH,GOOD,1500,20,1500,20,1500,20,15,4,3,917 mA,off,11 mA,1,888 mA,2,928 mA,DEMO-L202411,,1,
2024-07-02 10:18:00,F4CE36126783AEE8,Actuator Controller 3CH,GOOD,1500,20,1500,20,1500,20,15,4,3,999 mA,off,11 mA,1,847 mA,2,844 mA,DEMO-L202411,,1,
2024-07-01 16:06:31,F4CE36128C082023,Actuator Controller 3CH,GOOD,1500,20,1500,20,1500,20,15,4,HIGH,858 mA,OFF,11 mA,LOW,867 mA,MID,929 mA,DEMO-L202411,,1,
2024-07-04 15:15:21,F4CE3612A4C58971,Actuator Controller 3CH,GOOD,1500,20,1500,20,1500,20,15,4,3,997 mA,off,10 mA,1,950 mA,2,988 mA,DEMO-L202411,,1,
2024-07-04 15:15:21,F4CE3612CD4093CB,Actuator Controller 3CH,GOOD,1500,20,1500,20,1500,20,15,4,3,905 mA,off,11 mA,1,879 mA,2,1041 mA,DEMO-L202411,,1,
2024-07-04 15:15:21,F4CE3613C914D55C,Actuator Controller 3CH,GOOD,1500,20,1500,20,1500,20,15,4,3,877 mA,off,11 mA,1,1004 mA,2,983 mA,DEMO-L202411,,1,
2024-07-02 10:12:23,F4CE361497294864,Actuator Controller 3CH,GOOD,1500,20,1500,20,1500,20,15,4,HIGH,882 mA,OFF,12 mA,LOW,926 mA,MID,870 mA,DEMO-L202411,,1,
2024-07-01 13:10:39,F4CE361499E45C0C,Actuator Controller 3CH,GOOD,1500,20,1500,20,1500,20,15,4,3,959 mA,off,13 mA,1,1010 mA,2,917 mA,DEMO-L202411,,1,
2024-07-04 10:26:46,F4CE36151A903595,Actuator Controller 3CH,GOOD,1500,20,1500,20,1500,20,15,4,3,1037 mA,off,11 mA,1,922 mA,2,1069 mA,DEMO-L202411,,1,
2024-07-01 13:04:24,F4CE3615426D782E,Actuator Controller 3CH,GOOD,1500,20,1500,20,1500,20,15,4,3,907 mA,off,12 mA,1,942 mA,2,990 mA,DEMO-L202411,,1,
2024-07-02 13:42:23,F4CE36159647D2D9,Actuator Controller 3CH,GOOD,1500,20,1500,20,1500,20,15,4,3,982 mA,off,11 mA,1,813 mA,2,833 mA,DEMO-L202411,,1,
2024-07-04 09:46:15,F4CE36160610C886,Actuator Controller 3CH,GOOD,1500,20,1500,20,1500,20,15,4,3,918 mA,off,12 mA,1,1079 mA,2,992 mA,DEMO-L202411,,1,
2024-07-04 14:34:19,F4CE3617ABB20C54,Actuator Controller 3CH,GOOD,1500,20,1500,20,1500,20,15,4,3,963 mA,off,11 mA,1,953 mA,2,1010 mA,DEMO-L202411,,1,
2024-07-02 11:47:55,F4CE3617D197CD54,Actuator Controller 3CH,GOOD,1500,20,1500,20,1500,20,15,4,3,1008 mA,off,12 mA,1,876 mA,2,974 mA,DEMO-L202411,,1,
2024-07-02 13:42:23,F4CE361852F86D80,Actuator Controller 3CH,GOOD,1500,20,1500,20,1500,20,15,4,3,985 mA,off,10 mA,1,925 mA,2,862 mA,DEMO-L202411,,1,
2024-07-04 10:49:42,F4CE3618EF026F0A,Actuator Controller 3CH,GOOD,1500,20,1500,20,1500,20,15,4,3,920 mA,off,12 mA,1,855 mA,2,1159 mA,DEMO-L202411,,1,
2024-07-04 10:26:46,F4CE36192D417513,Actuator Controller 3CH,GOOD,1500,20,1500,20,1500,20,15,4,3,1043 mA,off,11 mA,1,1092 mA,2,875 mA,DEMO-L202411,,1,
2024-07-03 16:06:07,F4CE36195883F283,Actuator Controller 3CH,GOOD,1500,20,1500,20,1500,20,15,4,3,1006 mA,off,10 mA,1,907 mA,2,957 mA,DEMO-L202411,,1,
2024-07-02 13:42:23,F4CE36195A1772F4,Actuator Controller 3CH,GOOD,1500,20,1500,20,1500,20,15,4,3,975 mA,off,11 mA,1,1031 mA,2,976 mA,DEMO-L202411,,1,
2024-07-01 13:59:24,F4CE361A2848566A,Actuator Controller 3CH,GOOD,1500,20,1500,20,1500,20,15,4,3,842 mA,off,12 mA,1,859 mA,2,853 mA,DEMO-L202411,,1,
2024-07-04 15:15:21,F4CE361A5E07E21A,Actuator Controller 3CH,GOOD,1500,20,1500,20,1500,20,15,4,3,927 mA,off,12 mA,1,782 mA,2,977 mA,DEMO-L202411,,1,
2024-07-02 13:42:23,F4CE361A68ADCF09,Actuator Controller 3CH,GOOD,1500,20,1500,20,1500,20,15,4,3,988 mA,off,11 mA,1,807 mA,2,863 mA,DEMO-L202411,,1,
2024-07-02 10:12:23,F4CE361A85B17677,Actuator Controller 3CH,GOOD,1500,20,1500,20,1500,20,15,4,3,986 mA,off,11 mA,1,977 mA,2,898 mA,DEMO-L202411,,1,
2024-07-04 10:49:42,F4CE361C29B25E22,Actuator Controller 3CH,GOOD,1500,20,1500,20,1500,20,15,4,3,955 mA,off,10 mA,1,859 mA,2,872 mA,DEMO-L202411,,1,
2024-07-04 14:08:34,F4CE361CDF9A6645,Actuator Controller 3CH,GOOD,1500,20,1500,20,1500,20,15,4,HIGH,919 mA,OFF,11 mA,LOW,977 mA,MID,1027 mA,DEMO-L202411,,1,
2024-07-02 13:42:23,F4CE361D03D32231,Actuator Controller 3CH,GOOD,1500,20,1500,20,1500,20,15,4,3,785 mA,off,12 mA,1,1010 mA,2,770 mA,DEMO-L202411,,1,
2024-07-04 09:46:15,F4CE361D5A3DC2D9,Actuator Controller 3CH,GOOD,1500,20,1500,20,1500,20,15,4,HIGH,1077 mA,OFF,10 mA,LOW,1039 mA,MID,1062 mA,DEMO-L202411,,1,
2024-07-02 10:25:49,F4CE361DBBD5DDF6,Actuator Controller 3CH,GOOD,1500,20,1500,20,1500,20,15,4,3,897 mA,off,10 mA,1,941 mA,2,921 mA,DEMO-L202411,,1,
2024-07-02 13:42:23,F4CE361E0BB696C7,Actuator Controller 3CH,GOOD,1500,20,1500,20,1500,20,15,4,3,788 mA,off,10 mA,1,836 mA,2,781 mA,DEMO-L202411,,1,
2024-07-04 09:46:15,F4CE361ECB0FE9B6,Actuator Controller 3CH,GOOD,1500,20,1500,20,1500,20,15,4,3,996 mA,off,13 mA,1,875 mA,2,867 mA,DEMO-L202411,,1,
2024-07-03 15:06:02,F4CE361F48B32A0B,Actuator Controller 3CH,GOOD,1500,20,1500,20,1500,20,15,4,HIGH,956 mA,OFF,13 mA,LOW,964 mA,MID,962 mA,DEMO-L202411,,1,
2024-07-04 15:15:21,F4CE361F79F91D13,Actuator Controller 3CH,GOOD,1500,20,1500,20,1500,20,15,4,3,982 mA,off,11 mA,1,1053 mA,2,829 mA,DEMO-L202411,,1,
2024-07-02 10:18:00,F4CE361F9FE8DB8A,Actuator Controller 3CH,GOOD,1500,20,1500,20,1500,20,15,4,3,917 mA,off,10 mA,1,890 mA,2,907 mA,DEMO-L202411,,1,
2024-07-04 15:15:21,F4CE361FF387D51C,Actuator Controller 3CH,GOOD,1500,20,1500,20,1500,20,15,4,3,810 mA,off,11 mA,1,816 mA,2,835 mA,DEMO-L202411,,1,
2024-07-02 11:47:55,F4CE361FF9929163,Actuator Controller 3CH,GOOD,1500,20,1500,20,1500,20,15,4,3,980 mA,off,10 mA,1,834 mA,2,878 mA,DEMO-L202411,,1,
2024-07-01 13:10:39,F4CE36201E770DD0,Actuator Controller 3CH,GOOD,1500,20,1500,20,1500,20,15,4,3,891 mA,off,12 mA,1,871 mA,2,950 mA,DEMO-L202411,,1,
2024-07-04 10:26:46,F4CE3620FAF4A829,Actuator Controller 3CH,GOOD,1500,20,1500,20,1500,20,15,4,HIGH,1086 mA,OFF,11 mA,LOW,1118 mA,MID,842 mA,DEMO-L202411,,1,
2024-07-01 14:17:07,F4CE36216FD0B4D6,Actuator Controller 3CH,GOOD,1500,20,1500,20,1500,20,15,4,3,863 mA,off,10 mA,1,1016 mA,2,883 mA,DEMO-L202411,,1,
2024-07-04 15:15:21,F4CE3621E54E43F2,Actuator Controller 3CH,GOOD,1500,20,1500,20,1500,20,15,4,3,831 mA,off,11 mA,1,1026 mA,2,788 mA,DEMO-L202411,,1,
2024-07-04 15:15:21,F4CE36221D9E1D30,Actuator Controller 3CH,GOOD,1500,20,1500,20,1500,20,15,4,3,758 mA,off,11 mA,1,787 mA,2,749 mA,DEMO-L202411,,1,
2024-07-04 09:46:15,F4CE36228CCBF9CD,Actuator Controller 3CH,GOOD,1500,20,1500,20,1500,20,15,4,3,1054 mA,off,9 mA,1,870 mA,2,884 mA,DEMO-L202411,,1,
2024-07-02 13:42:23,F4CE362297F31B53,Actuator Controller 3CH,GOOD,1500,20,1500,20,1500,20,15,4,3,1016 mA,off,11 mA,1,971 mA,2,786 mA,DEMO-L202411,,1,
2024-07-04 15:15:21,F4CE36238581B744,Actuator Controller 3CH,GOOD,1500,20,1500,20,1500,20,15,4,3,943 mA,off,11 mA,1,883 mA,2,996 mA,DEMO-L202411,,1,
2024-07-04 09:46:15,F4CE362494087331,Actuator Controller 3CH,GOOD,1500,20,1500,20,1500,20,15,4,3,1067 mA,off,11 mA,1,1009 mA,2,1055 mA,DEMO-L202411,,1,
2024-07-03 16:06:07,F4CE3624CD832571,Actuator Controller 3CH,GOOD,1500,20,1500,20,1500,20,15,4,3,875 mA,off,10 mA,1,1018 mA,2,1034 mA,DEMO-L202411,,1,
2024-07-01 13:10:39,F4CE3624E00ED8EB,Actuator Controller 3CH,GOOD,1500,20,1500,20,1500,20,15,4,3,1064 mA,off,11 mA,1,916 mA,2,1056 mA,DEMO-L202411,,1,
2024-07-02 13:42:23,F4CE3624E15546EF,Actuator Controller 3CH,GOOD,1500,20,1500,20,1500,20,15,4,3,829 mA,off,12 mA,1,806 mA,2,1009 mA,DEMO-L202411,,1,
2024-07-03 16:06:07,F4CE3625154A45C9,Actuator Controller 3CH,GOOD,1500,20,1500,20,1500,20,15,4,3,875 mA,off,11 mA,1,911 mA,2,962 mA,DEMO-L202411,,1,
2024-07-04 10:49:42,F4CE3625C416111C,Actuator Controller 3CH,GOOD,1500,20,1500,20,1500,20,15,4,3,1039 mA,off,12 mA,1,1108 mA,2,847 mA,DEMO-L202411,,1,
2024-07-03 16:06:07,F4CE3625DE7678EB,Actuator Controller 3CH,GOOD,1500,20,1500,20,1500,20,15,4,3,863 mA,off,10 mA,1,888 mA,2,943 mA,DEMO-L202411,,1,
2024-07-01 13:59:24,F4CE3626B29E9CA7,Actuator Controller 3CH,GOOD,1500,20,1500,20,1500,20,15,4,3,839 mA,off,13 mA,1,882 mA,2,865 mA,DEMO-L202411,,1,
2024-07-04 15:15:21,F4CE362774923959,Actuator Controller 3CH,GOOD,1500,20,1500,20,1500,20,15,4,3,1022 mA,off,10 mA,1,756 mA,2,1000 mA,DEMO-L202411,,1,
2024-07-02 10:25:49,F4CE3627A433DB1C,Actuator Controller 3CH,GOOD,1500,20,1500,20,1500,20,15,4,3,910 mA,off,11 mA,1,951 mA,2,902 mA,DEMO-L202411,,1,
2024-07-03 16:06:07,F4CE362805BEF7A0,Actuator Controller 3CH,GOOD,1500,20,1500,20,1500,20,15,4,3,1029 mA,off,10 mA,1,911 mA,2,859 mA,DEMO-L202411,,1,
2024-07-04 09:46:15,F4CE3628C11461D0,Actuator Controller 3CH,GOOD,1500,20,1500,20,1500,20,15,4,3,1076 mA,off,11 mA,1,1083 mA,2,1083 mA,DEMO-L202411,,1,
2024-07-02 10:25:49,F4CE3629F5A7D10E,Actuator Controller 3CH,GOOD,1500,20,1500,20,1500,20,15,4,3,972 mA,off,12 mA,1,936 mA,2,996 mA,DEMO-L202411,,1,
2024-07-04 15:15:21,F4CE362B15F695B0,Actuator Controller 3CH,GOOD,1500,20,1500,20,1500,20,15,4,3,757 mA,off,12 mA,1,1024 mA,2,957 mA,DEMO-L202411,,1,
2024-07-03 16:06:07,F4CE362B5BAA0DCC,Actuator Controller 3CH,GOOD,1500,20,1500,20,1500,20,15,4,3,980 mA,off,11 mA,1,940 mA,2,892 mA,DEMO-L202411,,1,
2024-07-04 10:49:42,F4CE362C8CA2F9F8,Actuator Controller 3CH,GOOD,1500,20,1500,20,1500,20,15,4,3,878 mA,off,11 mA,1,846 mA,2,855 mA,DEMO-L202411,,1,
2024-07-04 14:16:01,F4CE362CED036CF8,Actuator Controller 3CH,GOOD,1500,20,1500,20,1500,20,15,4,3,804 mA,off,11 mA,1,913 mA,2,1022 mA,DEMO-L202411,,1,
2024-07-03 16:06:07,F4CE362DA90B60A7,Actuator Controller 3CH,GOOD,1500,20,1500,20,1500,20,15,4,3,1069 mA,off,9 mA,1,920 mA,2,854 mA,DEMO-L202411,,1,
2024-07-04 14:47:37,F4CE362E6235930A,Actuator Controller 3CH,GOOD,1500,20,1500,20,1500,20,15,4,3,1043 mA,off,11 mA,1,996 mA,2,991 mA,DEMO-L202411,,1,
2024-07-04 14:16:01,F4CE362E8952A735,Actuator Controller 3CH,GOOD,1500,20,1500,20,1500,20,15,4,3,762 mA,off,12 mA,1,886 mA,2,906 mA,DEMO-L202411,,1,
2024-07-04 15:15:21,F4CE362F447C1EB7,Actuator Controller 3CH,GOOD,1500,20,1500,20,1500,20,15,4,3,796 mA,off,11 mA,1,987 mA,2,1040 mA,DEMO-L202411,,1,
2024-07-04 15:15:21,F4CE362F4F2804D7,Actuator Controller 3CH,GOOD,1500,20,1500,20,1500,20,15,4,3,815 mA,off,11 mA,1,673 mA,2,774 mA,DEMO-L202411,,1,
2024-07-04 15:15:21,F4CE363021EFBE83,Actuator Controller 3CH,GOOD,1500,20,1500,20,1500,20,15,4,3,859 mA,off,11 mA,1,852 mA,2,1001 mA,DEMO-L202411,,1,
2024-07-03 16:06:07,F4CE36305D4379E3,Actuator Controller 3CH,GOOD,1500,20,1500,20,1500,20,15,4,3,944 mA,off,12 mA,1,834 mA,2,826 mA,DEMO-L202411,,1,
2024-07-01 15:12:35,F4CE3630E5263504,Actuator Controller 3CH,GOOD,1500,20,1500,20,1500,20,15,4,3,940 mA,off,11 mA,1,1002 mA,2,932 mA,DEMO-L202411,,1,
2024-07-02 11:47:55,F4CE36314A3889D8,Actuator Controller 3CH,GOOD,1500,20,1500,20,1500,20,15,4,3,1022 mA,off,11 mA,1,1024 mA,2,885 mA,DEMO-L202411,,1,
2024-07-04 09:46:15,F4CE36335654D9BF,Actuator Controller 3CH,GOOD,1500,20,1500,20,1500,20,15,4,3,906 mA,off,11 mA,1,1124 mA,2,1075 mA,DEMO-L202411,,1,
2024-07-04 10:26:46,F4CE3635CAA80442,Actuator Controller 3CH,GOOD,1500,20,1500,20,1500,20,15,4,3,1057 mA,off,12 mA,1,948 mA,2,903 mA,DEMO-L202411,,1,
2024-07-04 09:46:15,F4CE3635DB201590,Actuator Controller 3CH,GOOD,1500,20,1500,20,1500,20,15,4,3,961 mA,off,11 mA,1,1027 mA,2,1035 mA,DEMO-L202411,,1,
2024-07-04 15:15:21,F4CE3635E7C143C5,Actuator Controller 3CH,GOOD,1500,20,1500,20,1500,20,15,4,3,1010 mA,off,12 mA,1,1047 mA,2,946 mA,DEMO-L202411,,1,
2024-07-04 09:46:15,F4CE3636065D4138,Actuator Controller 3CH,GOOD,1500,20,1500,20,1500,20,15,4,3,937 mA,off,10 mA,1,1058 mA,2,941 mA,DEMO-L202411,,1,
2024-07-03 16:06:07,F4CE36360AC70355,Actuator Controller 3CH,GOOD,1500,20,1500,20,1500,20,15,4,3,993 mA,off,11 mA,1,969 mA,2,970 mA,DEMO-L202411,,1,
2024-07-04 10:26:46,F4CE363628D02DA2,Actuator Controller 3CH,GOOD,1500,20,1500,20,1500,20,15,4,3,998 mA,off,12 mA,1,948 mA,2,1060 mA,DEMO-L202411,,1,
2024-07-04 14:16:01,F4CE3636490DF538,Actuator Controller 3CH,GOOD,1500,20,1500,20,1500,20,15,4,3,821 mA,off,10 mA,1,771 mA,2,891 mA,DEMO-L202411,,1,
2024-07-04 10:26:46,F4CE36369BCB2696,Actuator Controller 3CH,GOOD,1500,20,1500,20,1500,20,15,4,3,1052 mA,off,13 mA,1,1039 mA,2,908 mA,DEMO-L202411,,1,
2024-07-04 15:15:21,F4CE3636C9EB5F7E,Actuator Controller 3CH,GOOD,1500,20,1500,20,1500,20,15,4,3,1047 mA,off,12 mA,1,835 mA,2,1061 mA,DEMO-L202411,,1,
2024-07-04 10:26:46,F4CE3636F5DDEAFD,Actuator Controller 3CH,GOOD,1500,20,1500,20,1500,20,15,4,3,888 mA,off,11 mA,1,943 mA,2,885 mA,DEMO-L202411,,1,
2024-07-01 16:06:31,F4CE3637A25F656D,Actuator Controller 3CH,GOOD,1500,20,1500,20,1500,20,15,4,3,986 mA,off,10 mA,1,834 mA,2,866 mA,DEMO-L202411,,1,
2024-07-02 13:42:23,F4CE3637F2EB9CB6,Actuator Controller 3CH,GOOD,1500,20,1500,20,1500,20,15,4,3,822 mA,off,13 mA,1,885 mA,2,899 mA,DEMO-L202411,,1,
2024-07-02 11:47:55,F4CE363834D4A3D8,Actuator Controller 3CH,GOOD,1500,20,1500,20,1500,20,15,4,3,862 mA,off,11 mA,1,1005 mA,2,1025 mA,DEMO-L202411,,1,
2024-07-01 16:06:31,F4CE3638761FC12A,Actuator Controller 3CH,GOOD,1500,20,1500,20,1500,20,15,4,3,841 mA,off,10 mA,1,1043 mA,2,956 mA,DEMO-L202411,,1,
2024-07-01 13:04:24,F4CE3638B42D059B,Actuator Controller 3CH,GOOD,1500,20,1500,20,1500,20,15,4,3,996 mA,off,11 mA,1,917 mA,2,864 mA,DEMO-L202411,,1,
2024-07-01 15:12:35,F4CE36398F4B1029,Actuator Controller 3CH,GOOD,1500,20,1500,20,1500,20,15,4,3,920 mA,off,9 mA,1,917 mA,2,968 mA,DEMO-L202411,,1,
2024-07-04 10:49:42,F4CE363A94E44AD3,Actuator Controller 3CH,GOOD,1500,20,1500,20,1500,20,15,4,3,840 mA,off,11 mA,1,1137 mA,2,1023 mA,DEMO-L202411,,1,
2024-07-01 15:12:35,F4CE363AEA959D26,Actuator Controller 3CH,GOOD,1500,20,1500,20,1500,20,15,4,HIGH,842 mA,OFF,10 mA,LOW,1003 mA,MID,838 mA,DEMO-L202411,,1,
2024-07-02 13:42:23,F4CE363B715AFC9B,Actuator Controller 3CH,GOOD,1500,20,1500,20,1500,20,15,4,3,997 mA,off,12 mA,1,960 mA,2,936 mA,DEMO-L202411,,1,
2024-07-02 13:42:23,F4CE363B8136D8F8,Actuator Controller 3CH,GOOD,1500,20,1500,20,1500,20,15,4,3,838 mA,off,11 mA,1,853 mA,2,987 mA,DEMO-L202411,,1,
2024-07-02 13:42:23,F4CE363C1605C8DC,Actuator Controller 3CH,GOOD,1500,20,1500,20,1500,20,15,4,3,796 mA,off,11 mA,1,828 mA,2,880 mA,DEMO-L202411,,1,
2024-07-02 13:42:23,F4CE363D07D2090F,Actuator Controller 3CH,GOOD,1500,20,1500,20,1500,20,15,4,3,945 mA,off,12 mA,1,805 mA,2,951 mA,DEMO-L202411,,1,
2024-07-03 16:06:07,F4CE363E45206877,Actuator Controller 3CH,GOOD,1500,20,1500,20,1500,20,15,4,3,970 mA,off,11 mA,1,1074 mA,2,896 mA,DEMO-L202411,,1,
2024-07-04 15:15:21,F4CE363F5C7A6905,Actuator Controller 3CH,GOOD,1500,20,1500,20,1500,20,15,4,3,944 mA,off,12 mA,1,959 mA,2,1017 mA,DEMO-L202411,,1,
2024-07-02 10:25:49,F4CE363F92D214FC,Actuator Controller 3CH,GOOD,1500,20,1500,20,1500,20,15,4,3,1028 mA,off,12 mA,1,1030 mA,2,868 mA,DEMO-L202411,,1,
2024-07-04 10:49:42,F4CE363FF6FB790D,Actuator Controller 3CH,GOOD,1500,20,1500,20,1500,20,15,4,3,1097 mA,off,11 mA,1,1107 mA,2,857 mA,DEMO-L202411,,1,
2024-07-04 15:15:21,F4CE3640A4052030,Actuator Controller 3CH,GOOD,1500,20,1500,20,1500,20,15,4,3,787 mA,off,11 mA,1,868 mA,2,875 mA,DEMO-L202411,,1,
2024-07-01 13:10:39,F4CE3640BD0D63C4,Actuator Controller 3CH,GOOD,1500,20,1500,20,1500,20,15,4,3,1021 mA,off,11 mA,1,901 mA,2,894 mA,DEMO-L202411,,1,
2024-07-01 13:10:39,F4CE3640C2D0270C,Actuator Controller 3CH,GOOD,1500,20,1500,20,1500,20,15,4,3,873 mA,off,11 mA,1,935 mA,2,1062 mA,DEMO-L202411,,1,
2024-07-04 15:15:21,F4CE3641DAB96414,Actuator Controller 3CH,GOOD,1500,20,1500,20,1500,20,15,4,3,772 mA,off,12 mA,1,1019 mA,2,1028 mA,DEMO-L202411,,1,
2024-07-01 13:59:24,F4CE3643818B410D,Actuator Controller 3CH,GOOD,1500,20,1500,20,1500,20,15,4,3,979 mA,off,11 mA,1,929 mA,2,910 mA,DEMO-L202411,,1,
2024-07-02 10:25:49,F4CE3643DA066D7B,Actuator Controller 3CH,GOOD,1500,20,1500,20,1500,20,15,4,3,786 mA,off,12 mA,1,896 mA,2,917 mA,DEMO-L202411,,1,
2024-07-01 13:10:39,F4CE36444032E420,Actuator Controller 3CH,GOOD,1500,20,1500,20,1500,20,15,4,3,949 mA,off,11 mA,1,1016 mA,2,1042 mA,DEMO-L202411,,1,
2024-07-01 15:12:35,F4CE3644A4772486,Actuator Controller 3CH,GOOD,1500,20,1500,20,1500,20,15,4,3,999 mA,off,11 mA,1,931 mA,2,849 mA,DEMO-L202411,,1,
2024-07-01 13:59:24,F4CE3644FDA77477,Actuator Controller 3CH,GOOD,1500,20,1500,20,1500,20,15,4,3,856 mA,off,11 mA,1,987 mA,2,870 mA,DEMO-L202411,,1,
2024-07-02 13:42:23,F4CE36462B1868E8,Actuator Controller 3CH,GOOD,1500,20,1500,20,1500,20,15,4,3,888 mA,off,13 mA,1,824 mA,2,1011 mA,DEMO-L202411,,1,
2024-07-04 10:26:46,F4CE36463E09842D,Actuator Controller 3CH,GOOD,1500,20,1500,20,1500,20,15,4,3,965 mA,off,10 mA,1,1149 mA,2,868 mA,DEMO-L202411,,1,
2024-07-02 13:42:23,F4CE364688BC4C35,Actuator Controller 3CH,GOOD,1500,20,1500,20,1500,20,15,4,3,1015 mA,off,13 mA,1,810 mA,2,919 mA,DEMO-L202411,,1,
2024-07-04 10:49:42,F4CE3646C2CEDE6E,Actuator Controller 3CH,GOOD,1500,20,1500,20,1500,20,15,4,3,1132 mA,off,11 mA,1,1152 mA,2,1132 mA,DEMO-L202411,,1,
2024-07-03 16:06:07,F4CE3646F3C3C87A,Actuator Controller 3CH,GOOD,1500,20,1500,20,1500,20,15,4,3,1015 mA,off,11 mA,1,845 mA,2,839 mA,DEMO-L202411,,1,
2024-07-02 13:42:23,F4CE36473A9363D8,Actuator Controller 3CH,GOOD,1500,20,1500,20,1500,20,15,4,3,866 mA,off,12 mA,1,867 mA,2,834 mA,DEMO-L202411,,1,
2024-07-02 13:42:23,F4CE3647420A0CC5,Actuator Controller 3CH,GOOD,1500,20,1500,20,1500,20,15,4,HIGH,838 mA,OFF,11 mA,LOW,959 mA,MID,802 mA,DEMO-L202411,,1,
2024-07-03 16:06:07,F4CE364773641D2B,Actuator Controller 3CH,GOOD,1500,20,1500,20,1500,20,15,4,3,957 mA,off,10 mA,1,865 mA,2,1062 mA,DEMO-L202411,,1,
2024-07-02 10:25:49,F4CE3648634BE7B4,Actuator Controller 3CH,GOOD,1500,20,1500,20,1500,20,15,4,3,801 mA,off,12 mA,1,981 mA,2,848 mA,DEMO-L202411,,1,
2024-07-04 15:15:21,F4CE3648FA3E16E5,Actuator Controller 3CH,GOOD,1500,20,1500,20,1500,20,15,4,3,979 mA,off,11 mA,1,958 mA,2,1000 mA,DEMO-L202411,,1,
2024-07-02 13:42:23,F4CE364A69E692AA,Actuator Controller 3CH,GOOD,1500,20,1500,20,1500,20,15,4,HIGH,1013 mA,OFF,11 mA,LOW,862 mA,MID,825 mA,DEMO-L202411,,1,
2024-07-02 11:47:55,F4CE364AB435B621,Actuator Controller 3CH,GOOD,1500,20,1500,20,1500,20,15,4,3,1011 mA,off,10 mA,1,862 mA,2,968 mA,DEMO-L202411,,1,
2024-07-03 16:06:07,F4CE364AB68AF59D,Actuator Controller 3CH,GOOD,1500,20,1500,20,1500,20,15,4,3,1079 mA,off,10 mA,1,910 mA,2,1075 mA,DEMO-L202411,,1,
2024-07-04 15:15:21,F4CE364B13C42F80,Actuator Controller 3CH,GOOD,1500,20,1500,20,1500,20,15,4,3,890 mA,off,11 mA,1,990 mA,2,996 mA,DEMO-L202411,,1,
2024-07-02 10:25:49,F4CE364B2A14EB4E,Actuator Controller 3CH,GOOD,1500,20,1500,20,1500,20,15,4,3,996 mA,off,13 mA,1,911 mA,2,1001 mA,DEMO-L202411,,1,
2024-07-04 15:15:21,F4CE364B3F509BEF,Actuator Controller 3CH,GOOD,1500,20,1500,20,1500,20,15,4,3,750 mA,off,10 mA,1,773 mA,2,980 mA,DEMO-L202411,,1,
2024-07-04 09:46:15,F4CE364B539FE0FB,Actuator Controller 3CH,GOOD,1500,20,1500,20,1500,20,15,4,3,852 mA,off,13 mA,1,1093 mA,2,1017 mA,DEMO-L202411,,1,
2024-07-04 09:46:15,F4CE364B8FA39708,Actuator Controller 3CH,GOOD,1500,20,1500,20,1500,20,15,4,3,929 mA,off,10 mA,1,920 mA,2,1037 mA,DEMO-L202411,,1,
2024-07-03 16:06:07,F4CE364C1AE013AB,Actuator Controller 3CH,GOOD,1500,20,1500,20,1500,20,15,4,HIGH,1041 mA,OFF,11 mA,LOW,842 mA,MID,1069 mA,DEMO-L202411,,1,
2024-07-04 15:15:21,F4CE364C1C291152,Actuator Controller 3CH,GOOD,1500,20,1500,20,1500,20,15,4,3,765 mA,off,11 mA,1,1011 mA,2,1022 mA,DEMO-L202411,,1,
2024-07-02 13:42:23,F4CE364C3C331AE0,Actuator Controller 3CH,GOOD,1500,20,1500,20,1500,20,15,4,HIGH,845 mA,OFF,12 mA,LOW,865 mA,MID,852 mA,DEMO-L202411,,1,
2024-07-04 15:15:21,F4CE364C543410C8,Actuator Controller 3CH,GOOD,1500,20,1500,20,1500,20,15,4,HIGH,882 mA,OFF,11 mA,LOW,790 mA,MID,945 mA,DEMO-L202411,,1,
2024-07-04 09:46:15,F4CE364C7868B5E2,Actuator Controller 3CH,GOOD,1500,20,1500,20,1500,20,15,4,HIGH,1035 mA,OFF,12 mA,LOW,1069 mA,MID,1071 mA,DEMO-L202411,,1,
2024-07-04 15:15:21,F4CE364D87855D2A,Actuator Controller 3CH,GOOD,1500,20,1500,20,1500,20,15,4,3,769 mA,off,10 mA,1,980 mA,2,845 mA,DEMO-L202411,,1,
2024-07-02 11:47:55,F4CE364D8A43ABCE,Actuator Controller 3CH,GOOD,1500,20,1500,20,1500,20,15,4,3,884 mA,off,11 mA,1,1004 mA,2,864 mA,DEMO-L202411,,1,
2024-07-01 13:04:24,F4CE364DD38D09FE,Actuator Controller 3CH,GOOD,1500,20,1500,20,1500,20,15,4,3,958 mA,off,11 mA,1,931 mA,2,1067 mA,DEMO-L202411,,1,
2024-07-04 09:46:15,F4CE364DD4CDDC2B,Actuator Controller 3CH,GOOD,1500,20,1500,20,1500,20,15,4,3,1052 mA,off,12 mA,1,932 mA,2,887 mA,DEMO-L202411,,1,
2024-07-02 11:47:55,F4CE364DF5434875,Actuator Controller 3CH,GOOD,1500,20,1500,20,1500,20,15,4,3,843 mA,off,11 mA,1,864 mA,2,922 mA,DEMO-L202411,,1,
2024-07-04 10:26:46,F4CE364E2E36AF6A,Actuator Controller 3CH,GOOD,1500,20,1500,20,1500,20,15,4,3,1009 mA,off,11 mA,1,1066 mA,2,1076 mA,DEMO-L202411,,1,
2024-07-04 09:46:15,F4CE364E562B3C72,Actuator Controller 3CH,GOOD,1500,20,1500,20,1500,20,15,4,3,865 mA,off,12 mA,1,994 mA,2,1077 mA,DEMO-L202411,,1,
2024-07-04 10:49:42,F4CE364FB9D179A2,Actuator Controller 3CH,GOOD,1500,20,1500,20,1500,20,15,4,3,789 mA,off,10 mA,1,1034 mA,2,836 mA,DEMO-L202411,,1,
2024-07-04 10:49:42,F4CE364FCB5754E7,Actuator Controller 3CH,GOOD,1500,20,1500,20,1500,20,15,4,3,929 mA,off,13 mA,1,809 mA,2,1050 mA,DEMO-L202411,,1,
2024-07-04 15:15:21,F4CE3650AB9D0899,Actuator Controller 3CH,GOOD,1500,20,1500,20,1500,20,15,4,3,1018 mA,off,12 mA,1,796 mA,2,860 mA,DEMO-L202411,,1,
2024-07-04 10:26:46,F4CE3650C4E33411,Actuator Controller 3CH,GOOD,1500,20,1500,20,1500,20,15,4,3,1077 mA,off,11 mA,1,1037 mA,2,1009 mA,DEMO-L202411,,1,
2024-07-04 15:15:21,F4CE3650C9EAA8A4,Actuator Controller 3CH,GOOD,1500,20,1500,20,1500,20,15,4,3,779 mA,off,11 mA,1,846 mA,2,1012 mA,DEMO-L202411,,1,
2024-07-02 13:42:23,F4CE36518698BF3A,Actuator Controller 3CH,GOOD,1500,20,1500,20,1500,20,15,4,3,820 mA,off,10 mA,1,847 mA,2,838 mA,DEMO-L202411,,1,
2024-07-04 10:26:46,F4CE3651BA61E3AA,Actuator Controller 3CH,GOOD,1500,20,1500,20,1500,20,15,4,3,1092 mA,off,11 mA,1,855 mA,2,801 mA,DEMO-L202411,,1,
2024-07-03 16:06:07,F4CE3651D0338213,Actuator Controller 3CH,GOOD,1500,20,1500,20,1500,20,15,4,3,884 mA,off,11 mA,1,1038 mA,2,1054 mA,DEMO-L202411,,1,
2024-09-25 13:09:56,F4CE36520593C024,Actuator Controller 3CH,GOOD,1500,20,1500,20,1500,20,15,4,3,38 mA,off,10 mA,1,54 mA,2,84 mA,DEMO-L202411,,1,
2024-07-04 15:15:21,F4CE36536612A4A4,Actuator Controller 3CH,GOOD,1500,20,1500,20,1500,20,15,4,3,802 mA,off,12 mA,1,1027 mA,2,814 mA,DEMO-L202411,,1,
2024-07-03 16:06:07,F4CE36537E0CA8E1,Actuator Controller 3CH,GOOD,1500,20,1500,20,1500,20,15,4,3,1010 mA,off,10 mA,1,918 mA,2,872 mA,DEMO-L202411,,1,
2024-07-04 10:49:42,F4CE36549EF63A69,Actuator Controller 3CH,GOOD,1500,20,1500,20,1500,20,15,4,3,852 mA,off,11 mA,1,1155 mA,2,1164 mA,DEMO-L202411,,1,
2024-07-01 13:59:24,F4CE3654B3E6F650,Actuator Controller 3CH,GOOD,1500,20,1500,20,1500,20,15,4,3,1000 mA,off,11 mA,1,1013 mA,2,906 mA,DEMO-L202411,,1,
2024-07-04 14:29:16,F4CE3654EB1B8942,Actuator Controller 3CH,GOOD,1500,20,1500,20,1500,20,15,4,HIGH,794 mA,OFF,12 mA,LOW,981 mA,MID,794 mA,DEMO-L202411,,1,
2024-07-04 09:46:15,F4CE3655186A4FA4,Actuator Controller 3CH,GOOD,1500,20,1500,20,1500,20,15,4,3,896 mA,off,12 mA,1,927 mA,2,915 mA,DEMO-L202411,,1,
2024-07-02 13:42:23,F4CE365575934C41,Actuator Controller 3CH,GOOD,1500,20,1500,20,1500,20,15,4,3,923 mA,off,12 mA,1,808 mA,2,948 mA,DEMO-L202411,,1,
2024-07-02 13:42:23,F4CE365621C62EA6,Actuator Controller 3CH,GOOD,1500,20,1500,20,1500,20,15,4,HIGH,953 mA,OFF,12 mA,LOW,945 mA,MID,809 mA,DEMO-L202411,,1,
2024-07-04 09:46:15,F4CE365637A4B936,Actuator Controller 3CH,GOOD,1500,20,1500,20,1500,20,15,4,3,997 mA,off,12 mA,1,921 mA,2,1100 mA,DEMO-L202411,,1,
2024-07-03 16:06:07,F4CE36566D27463B,Actuator Controller 3CH,GOOD,1500,20,1500,20,1500,20,15,4,3,1025 mA,off,10 mA,1,1023 mA,2,972 mA,DEMO-L202411,,1,
2024-07-02 10:25:49,F4CE3656E50B1A25,Actuator Controller 3CH,GOOD,1500,20,1500,20,1500,20,15,4,3,855 mA,off,11 mA,1,916 mA,2,882 mA,DEMO-L202411,,1,
2024-07-04 10:26:46,F4CE3657048DED6C,Actuator Controller 3CH,GOOD,1500,20,1500,20,1500,20,15,4,3,1032 mA,off,11 mA,1,970 mA,2,882 mA,DEMO-L202411,,1,
2024-07-01 13:59:24,F4CE3657465154FD,Actuator Controller 3CH,NG,1500,20,1500,20,1500,20,15,4,,,,,,,,,DEMO-L202411,Controller Chip,1,
2024-07-01 15:12:35,F4CE365797DAF372,Actuator Controller 3CH,GOOD,1500,20,1500,20,1500,20,15,4,3,1000 mA,off,12 mA,1,871 mA,2,1012 mA,DEMO-L202411,,1,
2024-07-01 13:59:24,F4CE3657FDDA9EF7,Actuator Controller 3CH,GOOD,1500,20,1500,20,1500,20,15,4,3,884 mA,off,10 mA,1,956 mA,2,1009 mA,DEMO-L202411,,1,
2024-07-02 13:42:23,F4CE365834B44989,Actuator Controller 3CH,GOOD,1500,20,1500,20,1500,20,15,4,3,954 mA,off,10 mA,1,905 mA,2,888 mA,DEMO-L202411,,1,
2024-07-02 13:42:23,F4CE36589CA64358,Actuator Controller 3CH,GOOD,1500,20,1500,20,1500,20,15,4,HIGH,844 mA,OFF,10 mA,LOW,1018 mA,MID,1020 mA,DEMO-L202411,,1,
2024-07-03 16:06:07,F4CE3659242E23E5,Actuator Controller 3CH,GOOD,1500,20,1500,20,1500,20,15,4,3,1055 mA,off,12 mA,1,1069 mA,2,1050 mA,DEMO-L202411,,1,
2024-07-04 10:49:42,F4CE365AD66AF1CC,Actuator Controller 3CH,GOOD,1500,20,1500,20,1500,20,15,4,3,1072 mA,off,10 mA,1,866 mA,2,830 mA,DEMO-L202411,,1,
2024-07-01 12:55:38,F4CE365C274AFBCE,Actuator Controller 3CH,GOOD,1500,20,1500,20,1500,20,15,4,3,875 mA,off,11 mA,1,892 mA,2,889 mA,DEMO-L202411,,1,
2024-07-03 16:06:07,F4CE365C40C0A7FA,Actuator Controller 3CH,GOOD,1500,20,1500,20,1500,20,15,4,3,880 mA,off,10 mA,1,1026 mA,2,884 mA,DEMO-L202411,,1,
2024-07-04 10:49:42,F4CE365C80B1F205,Actuator Controller 3CH,GOOD,1500,20,1500,20,1500,20,15,4,3,1078 mA,off,12 mA,1,941 mA,2,997 mA,DEMO-L202411,,1,
2024-07-04 10:26:46,F4CE365CE931F623,Actuator Controller 3CH,GOOD,1500,20,1500,20,1500,20,15,4,3,1067 mA,off,9 mA,1,1014 mA,2,890 mA,DEMO-L202411,,1,
2024-07-02 13:42:23,F4CE365D2938F9DA,Actuator Controller 3CH,GOOD,1500,20,1500,20,1500,20,15,4,3,838 mA,off,10 mA,1,983 mA,2,947 mA,DEMO-L202411,,1,
2024-07-04 15:15:21,F4CE365D74C91F15,Actuator Controller 3CH,GOOD,1500,20,1500,20,1500,20,15,4,3,1021 mA,off,13 mA,1,991 mA,2,1015 mA,DEMO-L202411,,1,
2024-07-04 10:26:46,F4CE365DCEBF677C,Actuator Controller 3CH,GOOD,1500,20,1500,20,1500,20,15,4,3,844 mA,off,12 mA,1,847 mA,2,841 mA,DEMO-L202411,,1,
2024-07-04 15:15:21,F4CE365E6B4799A3,Actuator Controller 3CH,GOOD,1500,20,1500,20,1500,20,15,4,3,884 mA,off,11 mA,1,796 mA,2,777 mA,DEMO-L202411,,1,
2024-07-03 16:06:07,F4CE365EEBEF9813,Actuator Controller 3CH,GOOD,1500,20,1500,20,1500,20,15,4,3,1043 mA,off,11 mA,1,1044 mA,2,995 mA,DEMO-L202411,,1,
2024-07-01 15:12:35,F4CE365F1D8BEF66,Actuator Controller 3CH,GOOD,1500,20,1500,20,1500,20,15,4,3,920 mA,off,9 mA,1,1026 mA,2,978 mA,DEMO-L202411,,1,
2024-07-03 16:06:07,F4CE365FCF054E18,Actuator Controller 3CH,GOOD,1500,20,1500,20,1500,20,15,4,3,1005 mA,off,10 mA,1,918 mA,2,1011 mA,DEMO-L202411,,1,
2024-07-04 10:26:46,F4CE365FF8C74DFE,Actuator Controller 3CH,GOOD,1500,20,1500,20,1500,20,15,4,3,861 mA,off,10 mA,1,1091 mA,2,1068 mA,DEMO-L202411,,1,
2024-07-04 09:46:15,F4CE36608D865A0C,Actuator Controller 3CH,GOOD,1500,20,1500,20,1500,20,15,4,3,1049 mA,off,12 mA,1,888 mA,2,1025 mA,DEMO-L202411,,1,
2024-07-04 10:49:42,F4CE3660A833FA3F,Actuator Controller 3CH,GOOD,1500,20,1500,20,1500,20,15,4,3,1050 mA,off,10 mA,1,949 mA,2,1112 mA,DEMO-L202411,,1,
2024-07-01 13:10:39,F4CE3660FAA473FC,Actuator Controller 3CH,GOOD,1500,20,1500,20,1500,20,15,4,3,815 mA,off,11 mA,1,1029 mA,2,981 mA,DEMO-L202411,,1,
2024-07-01 13:04:24,F4CE366106459166,Actuator Controller 3CH,GOOD,1500,20,1500,20,1500,20,15,4,3,830 mA,off,11 mA,1,1049 mA,2,884 mA,DEMO-L202411,,1,
2024-07-02 13:42:23,F4CE36611C09BE80,Actuator Controller 3CH,GOOD,1500,20,1500,20,1500,20,15,4,HIGH,998 mA,OFF,11 mA,LOW,947 mA,MID,912 mA,DEMO-L202411,,1,
2024-07-03 16:06:07,F4CE3661BBA949E6,Actuator Controller 3CH,GOOD,1500,20,1500,20,1500,20,15,4,3,955 mA,off,12 mA,1,996 mA,2,788 mA,DEMO-L202411,,1,
2024-07-04 14:34:19,F4CE3662A796EEEF,Actuator Controller 3CH,GOOD,1500,20,1500,20,1500,20,15,4,3,999 mA,off,13 mA,1,839 mA,2,1009 mA,DEMO-L202411,,1,
2024-07-03 16:06:07,F4CE3663391A1045,Actuator Controller 3CH,GOOD,1500,20,1500,20,1500,20,15,4,HIGH,1052 mA,OFF,12 mA,LOW,895 mA,MID,1073 mA,DEMO-L202411,,1,
2024-07-04 14:47:37,F4CE3663726B5987,Actuator Controller 3CH,GOOD,1500,20,1500,20,1500,20,15,4,3,746 mA,off,13 mA,1,878 mA,2,920 mA,DEMO-L202411,,1,
2024-07-04 15:15:21,F4CE3663CEF0CC3F,Actuator Controller 3CH,GOOD,1500,20,1500,20,1500,20,15,4,3,997 mA,off,11 mA,1,934 mA,2,935 mA,DEMO-L202411,,1,
2024-07-02 13:42:23,F4CE36641AE69DF4,Actuator Controller 3CH,GOOD,1500,20,1500,20,1500,20,15,4,3,988 mA,off,11 mA,1,864 mA,2,977 mA,DEMO-L202411,,1,
2024-07-04 09:46:15,F4CE366570933E51,Actuator Controller 3CH,GOOD,1500,20,1500,20,1500,20,15,4,3,1058 mA,off,10 mA,1,895 mA,2,1012 mA,DEMO-L202411,,1,
2024-07-04 10:49:42,F4CE3665A3163501,Actuator Controller 3CH,GOOD,1500,20,1500,20,1500,20,15,4,3,943 mA,off,10 mA,1,997 mA,2,1123 mA,DEMO-L202411,,1,
2024-07-04 09:46:15,F4CE3665B4D78F81,Actuator Controller 3CH,GOOD,1500,20,1500,20,1500,20,15,4,3,976 mA,off,11 mA,1,1002 mA,2,960 mA,DEMO-L202411,,1,
2024-07-01 12:40:20,F4CE366691745AF6,Actuator Controller 3CH,GOOD,1500,20,1500,20,1500,20,15,4,3,896 mA,off,9 mA,1,934 mA,2,917 mA,DEMO-L202411,,1,
2024-07-03 16:06:07,F4CE3666B39C99C6,Actuator Controller 3CH,GOOD,1500,20,1500,20,1500,20,15,4,3,827 mA,off,11 mA,1,1023 mA,2,796 mA,DEMO-L202411,,1,
2024-07-04 10:49:42,F4CE3668142DD696,Actuator Controller 3CH,GOOD,1500,20,1500,20,1500,20,15,4,3,1043 mA,off,11 mA,1,1121 mA,2,1099 mA,DEMO-L202411,,1,
2024-07-04 14:34:19,F4CE3668C4CE63D6,Actuator Controller 3CH,GOOD,1500,20,1500,20,1500,20,15,4,3,836 mA,off,12 mA,1,842 mA,2,1006 mA,DEMO-L202411,,1,
2024-07-03 16:06:07,F4CE366911D792BB,Actuator Controller 3CH,GOOD,1500,20,1500,20,1500,20,15,4,3,824 mA,off,12 mA,1,843 mA,2,1079 mA,DEMO-L202411,,1,
2024-07-04 10:49:42,F4CE36692AA2CECA,Actuator Controller 3CH,GOOD,1500,20,1500,20,1500,20,15,4,3,843 mA,off,11 mA,1,1106 mA,2,964 mA,DEMO-L202411,,1,
2024-07-01 14:17:07,F4CE36695C8273B1,Actuator Controller 3CH,GOOD,1500,20,1500,20,1500,20,15,4,3,1015 mA,off,12 mA,1,934 mA,2,876 mA,DEMO-L202411,,1,
2024-07-03 16:06:07,F4CE36695FC1AC77,Actuator Controller 3CH,GOOD,1500,20,1500,20,1500,20,15,4,3,1035 mA,off,9 mA,1,926 mA,2,1028 mA,DEMO-L202411,,1,
2024-07-03 16:06:07,F4CE3669B304D7DD,Actuator Controller 3CH,GOOD,1500,20,1500,20,1500,20,15,4,3,1037 mA,off,10 mA,1,962 mA,2,947 mA,DEMO-L202411,,1,
2024-07-01 13:10:39,F4CE3669BC53DF2C,Actuator Controller 3CH,GOOD,1500,20,1500,20,1500,20,15,4,3,887 mA,off,12 mA,1,990 mA,2,929 mA,DEMO-L202411,,1,
2024-07-01 15:12:35,F4CE3669CD29329E,Actuator Controller 3CH,GOOD,1500,20,1500,20,1500,20,15,4,3,851 mA,off,11 mA,1,975 mA,2,848 mA,DEMO-L202411,,1,
2024-07-04 10:26:46,F4CE3669DC168144,Actuator Controller 3CH,GOOD,1500,20,1500,20,1500,20,15,4,3,797 mA,off,11 mA,1,867 mA,2,874 mA,DEMO-L202411,,1,
2024-07-03 16:06:07,F4CE3669EDABB19E,Actuator Controller 3CH,GOOD,1500,20,1500,20,1500,20,15,4,3,1062 mA,off,9 mA,1,838 mA,2,1000 mA,DEMO-L202411,,1,
2024-07-04 10:49:42,F4CE366BA9493117,Actuator Controller 3CH,GOOD,1500,20,1500,20,1500,20,15,4,3,932 mA,off,12 mA,1,1097 mA,2,1006 mA,DEMO-L202411,,1,
2024-07-04 14:16:01,F4CE366C01B6EE2B,Actuator Controller 3CH,GOOD,1500,20,1500,20,1500,20,15,4,3,1011 mA,off,13 mA,1,998 mA,2,957 mA,DEMO-L202411,,1,
2024-07-04 15:15:21,F4CE366D117C9904,Actuator Controller 3CH,GOOD,1500,20,1500,20,1500,20,15,4,3,974 mA,off,10 mA,1,956 mA,2,1015 mA,DEMO-L202411,,1,
2024-07-03 16:06:07,F4CE366D480BB1C1,Actuator Controller 3CH,GOOD,1500,20,1500,20,1500,20,15,4,3,1041 mA,off,13 mA,1,908 mA,2,925 mA,DEMO-L202411,,1,
2024-07-01 13:59:24,F4CE366D5BE821C5,Actuator Controller 3CH,GOOD,1500,20,1500,20,1500,20,15,4,3,909 mA,off,11 mA,1,899 mA,2,944 mA,DEMO-L202411,,1,
2024-07-01 15:12:35,F4CE366E03F59B39,Actuator Controller 3CH,GOOD,1500,20,1500,20,1500,20,15,4,3,1006 mA,off,11 mA,1,891 mA,2,862 mA,DEMO-L202411,,1,
2024-07-02 10:25:49,F4CE366E9E2FE458,Actuator Controller 3CH,GOOD,1500,20,1500,20,1500,20,15,4,3,978 mA,off,11 mA,1,1009 mA,2,925 mA,DEMO-L202411,,1,
2024-07-03 16:06:07,F4CE366EDE9D42E3,Actuator Controller 3CH,GOOD,1500,20,1500,20,1500,20,15,4,3,838 mA,off,11 mA,1,830 mA,2,1073 mA,DEMO-L202411,,1,
2024-07-01 13:10:39,F4CE366EDEA85DAE,Actuator Controller 3CH,NG,1500,20,1500,20,1500,20,15,4,,,,,,,,,DEMO-L202411,Controller Chip,1,
2024-07-03 16:06:07,F4CE366FAACDDFDA,Actuator Controller 3CH,GOOD,1500,20,1500,20,1500,20,15,4,3,1057 mA,off,12 mA,1,971 mA,2,938 mA,DEMO-L202411,,1,
2024-07-04 10:26:46,F4CE36707FA7AA95,Actuator Controller 3CH,GOOD,1500,20,1500,20,1500,20,15,4,3,837 mA,off,10 mA,1,848 mA,2,1053 mA,DEMO-L202411,,1,
2024-07-01 14:17:07,F4CE3671CCA771F4,Actuator Controller 3CH,GOOD,1500,20,1500,20,1500,20,15,4,3,890 mA,off,11 mA,1,1009 mA,2,957 mA,DEMO-L202411,,1,
2024-07-04 09:46:15,F4CE3671E68319F9,Actuator Controller 3CH,GOOD,1500,20,1500,20,1500,20,15,4,3,914 mA,off,11 mA,1,1121 mA,2,919 mA,DEMO-L202411,,1,
2024-07-04 15:15:21,F4CE36729C3EECAB,Actuator Controller 3CH,GOOD,1500,20,1500,20,1500,20,15,4,3,1027 mA,off,10 mA,1,1007 mA,2,833 mA,DEMO-L202411,,1,
2024-07-02 13:42:23,F4CE3672CE7232BE,Actuator Controller 3CH,GOOD,1500,20,1500,20,1500,20,15,4,3,910 mA,off,11 mA,1,809 mA,2,996 mA,DEMO-L202411,,1,
2024-07-04 14:16:01,F4CE3673C20748CF,Actuator Controller 3CH,GOOD,1500,20,1500,20,1500,20,15,4,3,1011 mA,off,12 mA,1,1009 mA,2,876 mA,DEMO-L202411,,1,
2024-07-03 15:06:02,F4CE3673F4939A77,Actuator Controller 3CH,GOOD,1500,20,1500,20,1500,20,15,4,3,781 mA,off,11 mA,1,978 mA,2,822 mA,DEMO-L202411,,1,
2024-07-01 13:10:39,F4CE3674D6A6CDFB,Actuator Controller 3CH,GOOD,1500,20,1500,20,1500,20,15,4,3,834 mA,off,11 mA,1,930 mA,2,908 mA,DEMO-L202411,,1,
2024-07-02 11:47:55,F4CE3675D6A6F60B,Actuator Controller 3CH,GOOD,1500,20,1500,20,1500,20,15,4,3,965 mA,off,11 mA,1,882 mA,2,972 mA,DEMO-L202411,,1,
2024-07-04 10:26:46,F4CE3675E6FAD4F2,Actuator Controller 3CH,GOOD,1500,20,1500,20,1500,20,15,4,3,1067 mA,off,10 mA,1,892 mA,2,890 mA,DEMO-L202411,,1,
2024-07-04 14:34:19,F4CE3675FBC9DA3B,Actuator Controller 3CH,GOOD,1500,20,1500,20,1500,20,15,4,3,935 mA,off,11 mA,1,762 mA,2,883 mA,DEMO-L202411,,1,
2024-07-04 09:46:15,F4CE36776F679FA4,Actuator Controller 3CH,GOOD,1500,20,1500,20,1500,20,15,4,3,905 mA,off,11 mA,1,1086 mA,2,987 mA,DEMO-L202411,,1,
2024-07-02 13:42:23,F4CE367771352BDC,Actuator Controller 3CH,GOOD,1500,20,1500,20,1500,20,15,4,3,829 mA,off,10 mA,1,1022 mA,2,925 mA,DEMO-L202411,,1,
2024-07-02 13:42:23,F4CE36789D851CEF,Actuator Controller 3CH,GOOD,1500,20,1500,20,1500,20,15,4,3,1014 mA,off,11 mA,1,837 mA,2,798 mA,DEMO-L202411,,1,
2024-07-02 10:12:23,F4CE3678FD2EE470,Actuator Controller 3CH,GOOD,1500,20,1500,20,1500,20,15,4,HIGH,884 mA,OFF,10 mA,LOW,900 mA,MID,866 mA,DEMO-L202411,,1,
2024-07-04 15:15:21,F4CE3679782E3B42,Actuator Controller 3CH,GOOD,1500,20,1500,20,1500,20,15,4,3,895 mA,off,11 mA,1,810 mA,2,1042 mA,DEMO-L202411,,1,
2024-07-04 10:49:42,F4CE3679F1596531,Actuator Controller 3CH,GOOD,1500,20,1500,20,1500,20,15,4,3,934 mA,off,12 mA,1,975 mA,2,1053 mA,DEMO-L202411,,1,
2024-07-03 16:06:07,F4CE367A5CB02B22,Actuator Controller 3CH,GOOD,1500,20,1500,20,1500,20,15,4,3,1033 mA,off,12 mA,1,854 mA,2,1051 mA,DEMO-L202411,,1,
2024-07-01 13:10:39,F4CE367BA90DF196,Actuator Controller 3CH,GOOD,1500,20,1500,20,1500,20,15,4,3,1005 mA,off,11 mA,1,914 mA,2,979 mA,DEMO-L202411,,1,
2024-07-02 13:42:23,F4CE367C67FD23B6,Actuator Controller 3CH,GOOD,1500,20,1500,20,1500,20,15,4,3,995 mA,off,12 mA,1,813 mA,2,1007 mA,DEMO-L202411,,1,
2024-07-01 13:10:39,F4CE367CAE80269C,Actuator Controller 3CH,GOOD,1500,20,1500,20,1500,20,15,4,3,880 mA,off,10 mA,1,850 mA,2,861 mA,DEMO-L202411,,1,
2024-07-04 10:49:42,F4CE367CF0E6857E,Actuator Controller 3CH,GOOD,1500,20,1500,20,1500,20,15,4,3,1069 mA,off,11 mA,1,822 mA,2,898 mA,DEMO-L202411,,1,
2024-07-01 13:10:39,F4CE367D682495A4,Actuator Controller 3CH,GOOD,1500,20,1500,20,1500,20,15,4,3,1014 mA,off,11 mA,1,877 mA,2,1045 mA,DEMO-L202411,,1,
2024-07-12 13:56:51,F4CE367E2198275E,Actuator Controller 3CH,NG,1500,20,1500,20,1500,20,15,4,,,,,,,,,DEMO-L202411,Controller Chip,1,
2024-07-04 14:16:01,F4CE367E2C4AF5E7,Actuator Controller 3CH,GOOD,1500,20,1500,20,1500,20,15,4,3,939 mA,off,10 mA,1,1009 mA,2,745 mA,DEMO-L202411,,1,
2024-07-04 15:15:21,F4CE367ED31B3F10,Actuator Controller 3CH,GOOD,1500,20,1500,20,1500,20,15,4,3,799 mA,off,11 mA,1,829 mA,2,996 mA,DEMO-L202411,,1,
2024-07-01 13:10:39,F4CE367F04317A7B,Actuator Controller 3CH,GOOD,1500,20,1500,20,1500,20,15,4,HIGH,846 mA,OFF,12 mA,LOW,1098 mA,MID,937 mA,DEMO-L202411,,1,
2024-07-04 10:26:46,F4CE367F345EACBB,Actuator Controller 3CH,GOOD,1500,20,1500,20,1500,20,15,4,3,927 mA,off,10 mA,1,1075 mA,2,1095 mA,DEMO-L202411,,1,
2024-07-04 10:49:42,F4CE367F952BC409,Actuator Controller 3CH,GOOD,1500,20,1500,20,1500,20,15,4,3,839 mA,off,12 mA,1,817 mA,2,1110 mA,DEMO-L202411,,1,
2024-07-01 13:10:39,F4CE368004436F2E,Actuator Controller 3CH,GOOD,1500,20,1500,20,1500,20,15,4,3,880 mA,off,10 mA,1,1040 mA,2,972 mA,DEMO-L202411,,1,
2024-07-02 10:25:49,F4CE3680DA6D4357,Actuator Controller 3CH,GOOD,1500,20,1500,20,1500,20,15,4,3,888 mA,off,13 mA,1,919 mA,2,880 mA,DEMO-L202411,,1,
2024-07-04 15:15:21,F4CE3680F7FAB612,Actuator Controller 3CH,GOOD,1500,20,1500,20,1500,20,15,4,3,825 mA,off,10 mA,1,997 mA,2,971 mA,DEMO-L202411,,1,
2024-07-04 09:46:15,F4CE3681DC098A3E,Actuator Controller 3CH,GOOD,1500,20,1500,20,1500,20,15,4,3,945 mA,off,11 mA,1,1095 mA,2,916 mA,DEMO-L202411,,1,
2024-07-04 15:15:21,F4CE3681F926D70E,Actuator Controller 3CH,GOOD,1500,20,1500,20,1500,20,15,4,3,872 mA,off,11 mA,1,992 mA,2,909 mA,DEMO-L202411,,1,
2024-07-04 10:49:42,F4CE3682488FBF36,Actuator Controller 3CH,GOOD,1500,20,1500,20,1500,20,15,4,3,938 mA,off,11 mA,1,969 mA,2,1077 mA,DEMO-L202411,,1,
2024-07-02 11:47:55,F4CE3682958BF7AA,Actuator Controller 3CH,GOOD,1500,20,1500,20,1500,20,15,4,3,1004 mA,off,11 mA,1,1016 mA,2,1019 mA,DEMO-L202411,,1,
2024-07-03 16:06:07,F4CE36832A20A6E1,Actuator Controller 3CH,GOOD,1500,20,1500,20,1500,20,15,4,3,983 mA,off,10 mA,1,1083 mA,2,884 mA,DEMO-L202411,,1,
2024-07-04 10:49:42,F4CE3683D91E1A2D,Actuator Controller 3CH,GOOD,1500,20,1500,20,1500,20,15,4,3,1108 mA,off,12 mA,1,1003 mA,2,871 mA,DEMO-L202411,,1,
2024-07-04 10:49:42,F4CE3683DF958EA2,Actuator Controller 3CH,GOOD,1500,20,1500,20,1500,20,15,4,3,885 mA,off,8 mA,1,839 mA,2,816 mA,DEMO-L202411,,1,
2024-07-03 16:06:07,F4CE3683F8C61167,Actuator Controller 3CH,GOOD,1500,20,1500,20,1500,20,15,4,3,1036 mA,off,11 mA,1,1059 mA,2,853 mA,DEMO-L202411,,1,
2024-07-04 15:15:21,F4CE368419B77B7B,Actuator Controller 3CH,GOOD,1500,20,1500,20,1500,20,15,4,3,1033 mA,off,10 mA,1,790 mA,2,1008 mA,DEMO-L202411,,1,
2024-07-04 09:46:15,F4CE368477CB1515,Actuator Controller 3CH,GOOD,1500,20,1500,20,1500,20,15,4,3,1044 mA,off,12 mA,1,936 mA,2,1058 mA,DEMO-L202411,,1,
2024-07-04 09:46:15,F4CE3684B2454F0C,Actuator Controller 3CH,GOOD,1500,20,1500,20,1500,20,15,4,3,944 mA,off,11 mA,1,906 mA,2,880 mA,DEMO-L202411,,1,
2024-07-04 15:15:21,F4CE3684BC3CFA41,Actuator Controller 3CH,GOOD,1500,20,1500,20,1500,20,15,4,3,1005 mA,off,11 mA,1,743 mA,2,1031 mA,DEMO-L202411,,1,
2024-07-02 11:47:55,F4CE3684C6A2576D,Actuator Controller 3CH,GOOD,1500,20,1500,20,1500,20,15,4,3,1017 mA,off,10 mA,1,1014 mA,2,971 mA,DEMO-L202411,,1,
2024-07-03 16:06:07,F4CE36855ED97D60,Actuator Controller 3CH,GOOD,1500,20,1500,20,1500,20,15,4,3,956 mA,off,11 mA,1,886 mA,2,805 mA,DEMO-L202411,,1,
2024-07-02 13:42:23,F4CE3685C3D7A304,Actuator Controller 3CH,GOOD,1500,20,1500,20,1500,20,15,4,3,1008 mA,off,10 mA,1,828 mA,2,955 mA,DEMO-L202411,,1,
2024-07-03 16:06:07,F4CE3685DC0BC197,Actuator Controller 3CH,GOOD,1500,20,1500,20,1500,20,15,4,3,814 mA,off,11 mA,1,969 mA,2,1029 mA,DEMO-L202411,,1,
2024-07-03 16:06:07,F4CE36864EA62196,Actuator Controller 3CH,GOOD,1500,20,1500,20,1500,20,15,4,HIGH,1036 mA,OFF,10 mA,LOW,1005 mA,MID,1039 mA,DEMO-L202411,,1,
2024-07-04 10:49:42,F4CE3686E935CEED,Actuator Controller 3CH,GOOD,1500,20,1500,20,1500,20,15,4,3,1008 mA,off,11 mA,1,1119 mA,2,1119 mA,DEMO-L202411,,1,
2024-07-04 14:16:01,F4CE3686F4AE8CF8,Actuator Controller 3CH,GOOD,1500,20,1500,20,1500,20,15,4,3,797 mA,off,10 mA,1,915 mA,2,973 mA,DEMO-L202411,,1,
2024-07-01 13:10:39,F4CE3687363DA3AF,Actuator Controller 3CH,GOOD,1500,20,1500,20,1500,20,15,4,3,801 mA,off,11 mA,1,1017 mA,2,878 mA,DEMO-L202411,,1,
2024-07-04 15:15:21,F4CE368814893266,Actuator Controller 3CH,GOOD,1500,20,1500,20,1500,20,15,4,3,993 mA,off,12 mA,1,994 mA,2,1007 mA,DEMO-L202411,,1,
2024-07-01 12:55:38,F4CE368861307883,Actuator Controller 3CH,GOOD,1500,20,1500,20,1500,20,15,4,3,1050 mA,off,11 mA,1,886 mA,2,867 mA,DEMO-L202411,,1,
2024-07-02 13:42:23,F4CE3688ABC4EE50,Actuator Controller 3CH,GOOD,1500,20,1500,20,1500,20,15,4,3,950 mA,off,10 mA,1,819 mA,2,1006 mA,DEMO-L202411,,1,
2024-07-04 10:49:42,F4CE3688B37A73B4,Actuator Controller 3CH,GOOD,1500,20,1500,20,1500,20,15,4,3,939 mA,off,11 mA,1,954 mA,2,925 mA,DEMO-L202411,,1,
2024-07-04 09:46:15,F4CE3688C7E3F438,Actuator Controller 3CH,GOOD,1500,20,1500,20,1500,20,15,4,3,999 mA,off,12 mA,1,875 mA,2,928 mA,DEMO-L202411,,1,
2024-07-04 09:46:15,F4CE3688E4BBC8F3,Actuator Controller 3CH,GOOD,1500,20,1500,20,1500,20,15,4,3,1030 mA,off,10 mA,1,870 mA,2,1003 mA,DEMO-L202411,,1,
2024-07-04 14:16:01,F4CE3688E8696F58,Actuator Controller 3CH,GOOD,1500,20,1500,20,1500,20,15,4,HIGH,815 mA,OFF,11 mA,LOW,1008 mA,MID,962 mA,DEMO-L202411,,1,
2024-07-03 16:06:07,F4CE36891BA608BC,Actuator Controller 3CH,GOOD,1500,20,1500,20,1500,20,15,4,3,981 mA,off,13 mA,1,1059 mA,2,1029 mA,DEMO-L202411,,1,
2024-07-02 13:42:23,F4CE36897A5C2C9D,Actuator Controller 3CH,GOOD,1500,20,1500,20,1500,20,15,4,3,811 mA,off,12 mA,1,949 mA,2,838 mA,DEMO-L202411,,1,
2024-07-02 13:42:23,F4CE368A1543AF94,Actuator Controller 3CH,GOOD,1500,20,1500,20,1500,20,15,4,3,768 mA,off,13 mA,1,909 mA,2,797 mA,DEMO-L202411,,1,
2024-07-04 15:15:21,F4CE368A413D03EF,Actuator Controller 3CH,GOOD,1500,20,1500,20,1500,20,15,4,3,776 mA,off,11 mA,1,1023 mA,2,796 mA,DEMO-L202411,,1,
2024-07-03 16:06:07,F4CE368C9B9DC446,Actuator Controller 3CH,GOOD,1500,20,1500,20,1500,20,15,4,3,871 mA,off,12 mA,1,890 mA,2,918 mA,DEMO-L202411,,1,
2024-07-02 13:42:23,F4CE368CC0C589A3,Actuator Controller 3CH,GOOD,1500,20,1500,20,1500,20,15,4,3,923 mA,off,10 mA,1,973 mA,2,994 mA,DEMO-L202411,,1,
2024-07-03 16:06:07,F4CE368D33D46E35,Actuator Controller 3CH,GOOD,1500,20,1500,20,1500,20,15,4,3,986 mA,off,10 mA,1,1080 mA,2,853 mA,DEMO-L202411,,1,
2024-07-02 10:25:49,F4CE368DEAEF9983,Actuator Controller 3CH,GOOD,1500,20,1500,20,1500,20,15,4,3,963 mA,off,11 mA,1,887 mA,2,870 mA,DEMO-L202411,,1,
2024-07-02 13:42:23,F4CE368E6E2E61F4,Actuator Controller 3CH,GOOD,1500,20,1500,20,1500,20,15,4,3,927 mA,off,11 mA,1,918 mA,2,1015 mA,DEMO-L202411,,1,
2024-07-01 16:06:31,F4CE368F4873E150,Actuator Controller 3CH,GOOD,1500,20,1500,20,1500,20,15,4,3,1020 mA,off,11 mA,1,937 mA,2,900 mA,DEMO-L202411,,1,
2024-07-02 13:42:23,F4CE368F9F4EA3E8,Actuator Controller 3CH,GOOD,1500,20,1500,20,1500,20,15,4,3,848 mA,off,12 mA,1,809 mA,2,960 mA,DEMO-L202411,,1,
2024-07-04 10:26:46,F4CE3690470484B8,Actuator Controller 3CH,GOOD,1500,20,1500,20,1500,20,15,4,3,897 mA,off,11 mA,1,865 mA,2,1080 mA,DEMO-L202411,,1,
2024-07-04 09:46:15,F4CE3690D491CFD8,Actuator Controller 3CH,GOOD,1500,20,1500,20,1500,20,15,4,3,1081 mA,off,11 mA,1,1075 mA,2,928 mA,DEMO-L202411,,1,
2024-07-03 16:06:07,F4CE36911CB3E8B7,Actuator Controller 3CH,GOOD,1500,20,1500,20,1500,20,15,4,3,1031 mA,off,11 mA,1,1057 mA,2,864 mA,DEMO-L202411,,1,
2024-07-01 15:12:35,F4CE369140104505,Actuator Controller 3CH,GOOD,1500,20,1500,20,1500,20,15,4,3,961 mA,off,10 mA,1,1011 mA,2,1015 mA,DEMO-L202411,,1,
2024-07-03 16:06:07,F4CE3691489AF18D,Actuator Controller 3CH,GOOD,1500,20,1500,20,1500,20,15,4,3,1029 mA,off,10 mA,1,1038 mA,2,972 mA,DEMO-L202411,,1,
2024-07-04 09:46:15,F4CE36917E23CA4F,Actuator Controller 3CH,GOOD,1500,20,1500,20,1500,20,15,4,3,1066 mA,off,11 mA,1,1082 mA,2,882 mA,DEMO-L202411,,1,
2024-07-01 15:12:35,F4CE36919A1C7922,Actuator Controller 3CH,GOOD,1500,20,1500,20,1500,20,15,4,HIGH,919 mA,OFF,11 mA,LOW,938 mA,MID,891 mA,DEMO-L202411,,1,
2024-07-02 10:18:00,F4CE36920E4F24D4,Actuator Controller 3CH,GOOD,1500,20,1500,20,1500,20,15,4,3,863 mA,off,11 mA,1,879 mA,2,915 mA,DEMO-L202411,,1,
2024-07-02 13:42:23,F4CE369246A9DC89,Actuator Controller 3CH,GOOD,1500,20,1500,20,1500,20,15,4,3,952 mA,off,10 mA,1,799 mA,2,829 mA,DEMO-L202411,,1,
2024-07-02 13:42:23,F4CE36929CC222C6,Actuator Controller 3CH,GOOD,1500,20,1500,20,1500,20,15,4,3,834 mA,off,10 mA,1,794 mA,2,960 mA,DEMO-L202411,,1,
2024-07-04 14:16:01,F4CE369306FD124F,Actuator Controller 3CH,GOOD,1500,20,1500,20,1500,20,15,4,3,946 mA,off,12 mA,1,751 mA,2,961 mA,DEMO-L202411,,1,
2024-07-03 16:06:07,F4CE369341A81A67,Actuator Controller 3CH,GOOD,1500,20,1500,20,1500,20,15,4,3,1067 mA,off,13 mA,1,910 mA,2,845 mA,DEMO-L202411,,1,
2024-07-04 10:49:42,F4CE36934D12743B,Actuator Controller 3CH,GOOD,1500,20,1500,20,1500,20,15,4,3,873 mA,off,9 mA,1,1078 mA,2,1082 mA,DEMO-L202411,,1,
2024-07-04 09:46:15,F4CE369402273F5B,Actuator Controller 3CH,GOOD,1500,20,1500,20,1500,20,15,4,3,894 mA,off,12 mA,1,1003 mA,2,1100 mA,DEMO-L202411,,1,
2024-07-02 13:42:23,F4CE36941811CA8C,Actuator Controller 3CH,GOOD,1500,20,1500,20,1500,20,15,4,3,821 mA,off,10 mA,1,845 mA,2,921 mA,DEMO-L202411,,1,
2024-07-03 16:06:07,F4CE369421452561,Actuator Controller 3CH,GOOD,1500,20,1500,20,1500,20,15,4,3,852 mA,off,11 mA,1,931 mA,2,1013 mA,DEMO-L202411,,1,
2024-07-04 15:15:21,F4CE369437A85D9E,Actuator Controller 3CH,GOOD,1500,20,1500,20,1500,20,15,4,HIGH,1013 mA,OFF,10 mA,LOW,1023 mA,MID,1039 mA,DEMO-L202411,,1,
2024-07-02 10:25:49,F4CE369488127784,Actuator Controller 3CH,GOOD,1500,20,1500,20,1500,20,15,4,3,958 mA,off,11 mA,1,939 mA,2,886 mA,DEMO-L202411,,1,
2024-07-04 10:49:42,F4CE3694A2C58179,Actuator Controller 3CH,GOOD,1500,20,1500,20,1500,20,15,4,3,926 mA,off,10 mA,1,834 mA,2,995 mA,DEMO-L202411,,1,
2024-07-02 10:25:49,F4CE3695A0FAE7F8,Actuator Controller 3CH,GOOD,1500,20,1500,20,1500,20,15,4,HIGH,927 mA,OFF,11 mA,LOW,1027 mA,MID,983 mA,DEMO-L202411,,1,
2024-07-03 16:06:07,F4CE3695E827E21B,Actuator Controller 3CH,GOOD,1500,20,1500,20,1500,20,15,4,3,1060 mA,off,11 mA,1,1056 mA,2,949 mA,DEMO-L202411,,1,
2024-07-04 09:46:15,F4CE3696AD483B3C,Actuator Controller 3CH,GOOD,1500,20,1500,20,1500,20,15,4,3,971 mA,off,10 mA,1,889 mA,2,1054 mA,DEMO-L202411,,1,
2024-07-03 16:06:07,F4CE3696DC16DF70,Actuator Controller 3CH,GOOD,1500,20,1500,20,1500,20,15,4,3,894 mA,off,13 mA,1,997 mA,2,1053 mA,DEMO-L202411,,1,
2024-07-02 13:42:23,F4CE369754D7E641,Actuator Controller 3CH,GOOD,1500,20,1500,20,1500,20,15,4,3,1011 mA,off,11 mA,1,757 mA,2,929 mA,DEMO-L202411,,1,
2024-07-04 09:46:15,F4CE3697853969C8,Actuator Controller 3CH,GOOD,1500,20,1500,20,1500,20,15,4,3,994 mA,off,12 mA,1,1076 mA,2,949 mA,DEMO-L202411,,1,
2024-07-04 09:46:15,F4CE36979DB6731E,Actuator Controller 3CH,GOOD,1500,20,1500,20,1500,20,15,4,3,889 mA,off,11 mA,1,1067 mA,2,869 mA,DEMO-L202411,,1,
2024-07-08 17:24:36,F4CE3697F6DF8732,Actuator Controller 3CH,GOOD,1500,20,1500,20,1500,20,15,4,3,306 mA,off,11 mA,1,839 mA,2,809 mA,DEMO-L202411,,1,
2024-07-04 15:15:21,F4CE36988ECA537C,Actuator Controller 3CH,GOOD,1500,20,1500,20,1500,20,15,4,3,824 mA,off,11 mA,1,995 mA,2,986 mA,DEMO-L202411,,1,
2024-07-03 16:06:07,F4CE3698FDC52B0C,Actuator Controller 3CH,GOOD,1500,20,1500,20,1500,20,15,4,3,908 mA,off,10 mA,1,1071 mA,2,1020 mA,DEMO-L202411,,1,
2024-07-03 16:06:07,F4CE3699442A53B7,Actuator Controller 3CH,GOOD,1500,20,1500,20,1500,20,15,4,3,878 mA,off,11 mA,1,940 mA,2,1009 mA,DEMO-L202411,,1,
2024-07-01 16:06:31,F4CE3699FA773BC9,Actuator Controller 3CH,GOOD,1500,20,1500,20,1500,20,15,4,3,830 mA,off,9 mA,1,823 mA,2,910 mA,DEMO-L202411,,1,
2024-07-02 10:01:46,F4CE369A285EED79,Actuator Controller 3CH,GOOD,1500,20,1500,20,1500,20,15,4,3,935 mA,off,11 mA,1,878 mA,2,872 mA,DEMO-L202411,,1,
2024-07-01 15:38:46,F4CE369AB41B500C,Actuator Controller 3CH,GOOD,1500,20,1500,20,1500,20,15,4,HIGH,904 mA,OFF,12 mA,LOW,1000 mA,MID,896 mA,DEMO-L202411,,1,
2024-07-01 13:04:24,F4CE369B9C45227F,Actuator Controller 3CH,GOOD,1500,20,1500,20,1500,20,15,4,3,939 mA,off,13 mA,1,891 mA,2,1021 mA,DEMO-L202411,,1,
2024-07-02 11:47:55,F4CE369BA8F50719,Actuator Controller 3CH,GOOD,1500,20,1500,20,1500,20,15,4,3,873 mA,off,12 mA,1,1020 mA,2,882 mA,DEMO-L202411,,1,
2024-07-02 11:47:55,F4CE369BAE27D99D,Actuator Controller 3CH,GOOD,1500,20,1500,20,1500,20,15,4,HIGH,1005 mA,OFF,12 mA,LOW,908 mA,MID,849 mA,DEMO-L202411,,1,
2024-07-02 13:42:23,F4CE369BBA1C6D94,Actuator Controller 3CH,GOOD,1500,20,1500,20,1500,20,15,4,3,953 mA,off,11 mA,1,1005 mA,2,818 mA,DEMO-L202411,,1,
2024-07-02 13:42:23,F4CE369D1053CFD7,Actuator Controller 3CH,GOOD,1500,20,1500,20,1500,20,15,4,3,916 mA,off,10 mA,1,752 mA,2,1000 mA,DEMO-L202411,,1,
2024-07-04 15:15:21,F4CE369D2A8FE58B,Actuator Controller 3CH,GOOD,1500,20,1500,20,1500,20,15,4,3,905 mA,off,9 mA,1,1049 mA,2,1018 mA,DEMO-L202411,,1,
2024-07-03 16:06:07,F4CE369D86291D7D,Actuator Controller 3CH,GOOD,1500,20,1500,20,1500,20,15,4,3,870 mA,off,9 mA,1,1090 mA,2,881 mA,DEMO-L202411,,1,
2024-07-04 10:49:42,F4CE369DF7B477DD,Actuator Controller 3CH,GOOD,1500,20,1500,20,1500,20,15,4,3,1159 mA,off,12 mA,1,857 mA,2,1103 mA,DEMO-L202411,,1,
2024-07-03 16:06:07,F4CE369E12DF708E,Actuator Controller 3CH,GOOD,1500,20,1500,20,1500,20,15,4,3,999 mA,off,10 mA,1,888 mA,2,900 mA,DEMO-L202411,,1,
2024-07-04 15:15:21,F4CE369EA426D977,Actuator Controller 3CH,GOOD,1500,20,1500,20,1500,20,15,4,3,1006 mA,off,12 mA,1,959 mA,2,823 mA,DEMO-L202411,,1,
2024-07-03 16:06:07,F4CE369EE515A816,Actuator Controller 3CH,GOOD,1500,20,1500,20,1500,20,15,4,3,848 mA,off,10 mA,1,861 mA,2,1038 mA,DEMO-L202411,,1,
2024-07-03 15:06:02,F4CE369F24864B95,Actuator Controller 3CH,GOOD,1500,20,1500,20,1500,20,15,4,3,825 mA,off,11 mA,1,1009 mA,2,925 mA,DEMO-L202411,,1,
2024-07-02 11:47:55,F4CE369F58BF8EA9,Actuator Controller 3CH,GOOD,1500,20,1500,20,1500,20,15,4,3,1001 mA,off,10 mA,1,833 mA,2,901 mA,DEMO-L202411,,1,
2024-07-03 16:06:07,F4CE369FA237AEE4,Actuator Controller 3CH,GOOD,1500,20,1500,20,1500,20,15,4,3,1038 mA,off,11 mA,1,924 mA,2,1076 mA,DEMO-L202411,,1,
2024-07-02 10:18:00,F4CE369FC0758135,Actuator Controller 3CH,GOOD,1500,20,1500,20,1500,20,15,4,3,868 mA,off,10 mA,1,983 mA,2,977 mA,DEMO-L202411,,1,
2024-07-04 10:49:42,F4CE36A00C0DD559,Actuator Controller 3CH,GOOD,1500,20,1500,20,1500,20,15,4,3,1045 mA,off,11 mA,1,908 mA,2,903 mA,DEMO-L202411,,1,
2024-07-02 10:25:49,F4CE36A09832B49C,Actuator Controller 3CH,GOOD,1500,20,1500,20,1500,20,15,4,3,861 mA,off,12 mA,1,991 mA,2,1003 mA,DEMO-L202411,,1,
2024-07-04 15:15:21,F4CE36A11E68DF19,Actuator Controller 3CH,GOOD,1500,20,1500,20,1500,20,15,4,3,981 mA,off,11 mA,1,810 mA,2,748 mA,DEMO-L202411,,1,
2024-07-04 14:16:01,F4CE36A1ADD6142B,Actuator Controller 3CH,GOOD,1500,20,1500,20,1500,20,15,4,3,862 mA,off,11 mA,1,935 mA,2,800 mA,DEMO-L202411,,1,
2024-07-04 09:46:15,F4CE36A315318D06,Actuator Controller 3CH,GOOD,1500,20,1500,20,1500,20,15,4,3,1038 mA,off,12 mA,1,1095 mA,2,918 mA,DEMO-L202411,,1,
2024-07-04 09:46:15,F4CE36A3AADE215D,Actuator Controller 3CH,GOOD,1500,20,1500,20,1500,20,15,4,3,864 mA,off,11 mA,1,996 mA,2,855 mA,DEMO-L202411,,1,
2024-07-03 16:06:07,F4CE36A3B1039480,Actuator Controller 3CH,GOOD,1500,20,1500,20,1500,20,15,4,3,1042 mA,off,10 mA,1,960 mA,2,986 mA,DEMO-L202411,,1,
2024-07-04 10:49:42,F4CE36A54EE99F5D,Actuator Controller 3CH,GOOD,1500,20,1500,20,1500,20,15,4,3,1161 mA,off,10 mA,1,941 mA,2,1168 mA,DEMO-L202411,,1,
2024-07-01 12:55:38,F4CE36A561FC4A8A,Actuator Controller 3CH,GOOD,1500,20,1500,20,1500,20,15,4,3,855 mA,off,10 mA,1,869 mA,2,875 mA,DEMO-L202411,,1,
2024-07-03 16:06:07,F4CE36A5905A643D,Actuator Controller 3CH,GOOD,1500,20,1500,20,1500,20,15,4,3,915 mA,off,10 mA,1,1023 mA,2,904 mI,DEMO-L202411,,1,
2024-07-03 16:06:07,F4CE36A5ACB94D09,Actuator Controller 3CH,GOOD,1500,20,1500,20,1500,20,15,4,3,986 mA,off,10 mA,1,1013 mA,2,909 mA,DEMO-L202411,,1,
2024-07-02 10:25:49,F4CE36A8FE79C887,Actuator Controller 3CH,GOOD,1500,20,1500,20,1500,20,15,4,3,851 mA,off,10 mA,1,887 mA,2,920 mA,DEMO-L202411,,1,
2024-07-04 09:46:15,F4CE36A934202BE7,Actuator Controller 3CH,GOOD,1500,20,1500,20,1500,20,15,4,3,1094 mA,off,11 mA,1,1110 mA,2,876 mA,DEMO-L202411,,1,
2024-07-03 16:06:07,F4CE36A9961002B3,Actuator Controller 3CH,GOOD,1500,20,1500,20,1500,20,15,4,HIGH,842 mA,OFF,10 mA,LOW,1079 mA,MID,991 mA,DEMO-L202411,,1,
2024-07-04 15:15:21,F4CE36AA62D49171,Actuator Controller 3CH,GOOD,1500,20,1500,20,1500,20,15,4,HIGH,882 mA,OFF,12 mA,LOW,915 mA,MID,988 mA,DEMO-L202411,,1,
2024-07-01 13:10:39,F4CE36ABE333D455,Actuator Controller 3CH,GOOD,1500,20,1500,20,1500,20,15,4,3,1027 mA,off,11 mA,1,935 mA,2,943 mA,DEMO-L202411,,1,
2024-07-01 15:12:35,F4CE36AC1D8BEEDB,Actuator Controller 3CH,GOOD,1500,20,1500,20,1500,20,15,4,3,911 mA,off,11 mA,1,976 mA,2,1025 mA,DEMO-L202411,,1,
2024-07-04 15:15:21,F4CE36AC80E7E33E,Actuator Controller 3CH,GOOD,1500,20,1500,20,1500,20,15,4,3,1020 mA,off,11 mA,1,935 mA,2,971 mA,DEMO-L202411,,1,
2024-07-01 13:10:39,F4CE36AC983AC588,Actuator Controller 3CH,GOOD,1500,20,1500,20,1500,20,15,4,3,918 mA,off,12 mA,1,921 mA,2,880 mA,DEMO-L202411,,1,
2024-07-03 16:06:07,F4CE36ACE17B4629,Actuator Controller 3CH,GOOD,1500,20,1500,20,1500,20,15,4,3,854 mA,off,10 mA,1,972 mA,2,947 mA,DEMO-L202411,,1,
2024-07-01 15:38:46,F4CE36AD0ED24E10,Actuator Controller 3CH,GOOD,1500,20,1500,20,1500,20,15,4,3,832 mA,off,12 mA,1,913 mA,2,991 mA,DEMO-L202411,,1,
2024-07-04 09:46:15,F4CE36AD73BCBEBD,Actuator Controller 3CH,GOOD,1500,20,1500,20,1500,20,15,4,3,1077 mA,off,11 mA,1,1000 mA,2,933 mA,DEMO-L202411,,1,
2024-07-03 16:06:07,F4CE36AE6523D4BD,Actuator Controller 3CH,GOOD,1500,20,1500,20,1500,20,15,4,3,900 mA,off,10 mA,1,1040 mA,2,1061 mA,DEMO-L202411,,1,
2024-07-02 13:42:23,F4CE36AF273C850F,Actuator Controller 3CH,GOOD,1500,20,1500,20,1500,20,15,4,3,850 mA,off,13 mA,1,968 mA,2,846 mA,DEMO-L202411,,1,
2024-07-03 16:06:07,F4CE36AF30598393,Actuator Controller 3CH,GOOD,1500,20,1500,20,1500,20,15,4,3,859 mA,off,11 mA,1,863 mA,2,836 mA,DEMO-L202411,,1,
2024-07-04 10:49:42,F4CE36B08886A305,Actuator Controller 3CH,GOOD,1500,20,1500,20,1500,20,15,4,3,835 mA,off,10 mA,1,972 mA,2,1099 mA,DEMO-L202411,,1,
2024-07-03 16:06:07,F4CE36B09A115B21,Actuator Controller 3CH,GOOD,1500,20,1500,20,1500,20,15,4,3,1039 mA,off,10 mA,1,1089 mA,2,870 mA,DEMO-L202411,,1,
2024-07-04 14:08:34,F4CE36B1F1A845DD,Actuator Controller 3CH,GOOD,1500,20,1500,20,1500,20,15,4,3,782 mA,off,13 mA,1,938 mA,2,994 mA,DEMO-L202411,,1,
2024-07-02 13:42:23,F4CE36B2829D2D3C,Actuator Controller 3CH,GOOD,1500,20,1500,20,1500,20,15,4,3,921 mA,off,11 mA,1,978 mA,2,937 mA,DEMO-L202411,,1,
2024-07-02 13:42:23,F4CE36B3A15262AC,Actuator Controller 3CH,GOOD,1500,20,1500,20,1500,20,15,4,3,959 mA,off,12 mA,1,833 mA,2,982 mA,DEMO-L202411,,1,
2024-07-02 11:47:55,F4CE36B3AF4EE5B7,Actuator Controller 3CH,GOOD,1500,20,1500,20,1500,20,15,4,3,1011 mA,off,10 mA,1,894 mA,2,882 mA,DEMO-L202411,,1,
2024-07-04 14:47:37,F4CE36B53E067C62,Actuator Controller 3CH,GOOD,1500,20,1500,20,1500,20,15,4,3,1015 mA,off,11 mA,1,754 mA,2,959 mA,DEMO-L202411,,1,
2024-07-02 13:42:23,F4CE36B54808FE57,Actuator Controller 3CH,GOOD,1500,20,1500,20,1500,20,15,4,3,858 mA,off,11 mA,1,810 mA,2,786 mA,DEMO-L202411,,1,
2024-07-03 16:06:07,F4CE36B54BD067DE,Actuator Controller 3CH,GOOD,1500,20,1500,20,1500,20,15,4,3,1013 mA,off,11 mA,1,873 mA,2,1052 mA,DEMO-L202411,,1,
2024-07-03 15:23:37,F4CE36B629F01596,Actuator Controller 3CH,GOOD,1500,20,1500,20,1500,20,15,4,HIGH,809 mA,OFF,10 mA,LOW,831 mA,MID,930 mA,DEMO-L202411,,1,
2024-07-04 10:49:42,F4CE36B7035B57B5,Actuator Controller 3CH,GOOD,1500,20,1500,20,1500,20,15,4,3,877 mA,off,11 mA,1,1074 mA,2,910 mA,DEMO-L202411,,1,
2024-07-02 10:25:49,F4CE36B71199422E,Actuator Controller 3CH,GOOD,1500,20,1500,20,1500,20,15,4,3,978 mA,off,11 mA,1,1003 mA,2,919 mA,DEMO-L202411,,1,
2024-07-04 10:49:42,F4CE36B762593165,Actuator Controller 3CH,GOOD,1500,20,1500,20,1500,20,15,4,3,943 mA,off,10 mA,1,1024 mA,2,1077 mA,DEMO-L202411,,1,
2024-07-04 10:49:42,F4CE36B7815B91B8,Actuator Controller 3CH,GOOD,1500,20,1500,20,1500,20,15,4,3,834 mA,off,10 mA,1,1137 mA,2,983 mA,DEMO-L202411,,1,
2024-07-04 14:16:01,F4CE36B7BC5931B9,Actuator Controller 3CH,GOOD,1500,20,1500,20,1500,20,15,4,3,798 mA,off,11 mA,1,797 mA,2,867 mA,DEMO-L202411,,1,
2024-07-02 13:42:23,F4CE36B8E781B841,Actuator Controller 3CH,GOOD,1500,20,1500,20,1500,20,15,4,3,827 mA,off,12 mA,1,1002 mA,2,1018 mA,DEMO-L202411,,1,
2024-07-02 13:42:23,F4CE36B935799AEB,Actuator Controller 3CH,GOOD,1500,20,1500,20,1500,20,15,4,3,1022 mA,off,13 mA,1,1030 mA,2,787 mA,DEMO-L202411,,1,
2024-07-04 10:26:46,F4CE36BAB6E479F0,Actuator Controller 3CH,GOOD,1500,20,1500,20,1500,20,15,4,3,903 mA,off,11 mA,1,894 mA,2,808 mA,DEMO-L202411,,1,
2024-07-04 10:49:42,F4CE36BAC278BC89,Actuator Controller 3CH,GOOD,1500,20,1500,20,1500,20,15,4,3,1046 mA,off,11 mA,1,972 mA,2,1097 mA,DEMO-L202411,,1,
2024-07-02 10:18:00,F4CE36BBE9E98558,Actuator Controller 3CH,GOOD,1500,20,1500,20,1500,20,15,4,3,964 mA,off,11 mA,1,1040 mA,2,1004 mA,DEMO-L202411,,1,
2024-07-04 15:15:21,F4CE36BD2C1E982F,Actuator Controller 3CH,GOOD,1500,20,1500,20,1500,20,15,4,3,905 mA,off,11 mA,1,984 mA,2,1023 mA,DEMO-L202411,,1,
2024-07-02 11:47:55,F4CE36BDC95BB737,Actuator Controller 3CH,GOOD,1500,20,1500,20,1500,20,15,4,3,859 mA,off,12 mA,1,905 mA,2,871 mA,DEMO-L202411,,1,
2024-07-02 13:42:23,F4CE36BDDDA91703,Actuator Controller 3CH,GOOD,1500,20,1500,20,1500,20,15,4,3,1006 mA,off,10 mA,1,969 mA,2,882 mA,DEMO-L202411,,1,
2024-07-02 10:18:00,F4CE36BE0D3C6B69,Actuator Controller 3CH,GOOD,1500,20,1500,20,1500,20,15,4,3,954 mA,off,12 mA,1,994 mA,2,1000 mA,DEMO-L202411,,1,
2024-07-01 16:06:31,F4CE36BE0D61186D,Actuator Controller 3CH,GOOD,1500,20,1500,20,1500,20,15,4,3,1018 mA,off,11 mA,1,984 mA,2,943 mA,DEMO-L202411,,1,
2024-07-04 15:15:21,F4CE36BE3CF76522,Actuator Controller 3CH,GOOD,1500,20,1500,20,1500,20,15,4,3,1025 mA,off,11 mA,1,767 mA,2,790 mA,DEMO-L202411,,1,
2024-07-03 16:06:07,F4CE36BEF5565348,Actuator Controller 3CH,GOOD,1500,20,1500,20,1500,20,15,4,3,856 mA,off,11 mA,1,1028 mA,2,875 mA,DEMO-L202411,,1,
2024-07-01 13:10:39,F4CE36BF0E8E9E71,Actuator Controller 3CH,GOOD,1500,20,1500,20,1500,20,15,4,3,886 mA,off,12 mA,1,953 mA,2,1040 mA,DEMO-L202411,,1,
2024-07-04 10:49:42,F4CE36BFC15D2514,Actuator Controller 3CH,GOOD,1500,20,1500,20,1500,20,15,4,3,889 mA,off,10 mA,1,932 mA,2,990 mA,DEMO-L202411,,1,
2024-07-01 13:10:39,F4CE36BFDC52ACF3,Actuator Controller 3CH,GOOD,1500,20,1500,20,1500,20,15,4,3,889 mA,off,10 mA,1,1027 mA,2,905 mA,DEMO-L202411,,1,
2024-07-03 16:06:07,F4CE36C13D9E7AB2,Actuator Controller 3CH,GOOD,1500,20,1500,20,1500,20,15,4,HIGH,886 mA,OFF,12 mA,LOW,1037 mA,MID,901 mA,DEMO-L202411,,1,
2024-07-02 13:42:23,F4CE36C15BA2A66C,Actuator Controller 3CH,GOOD,1500,20,1500,20,1500,20,15,4,3,774 mA,off,11 mA,1,905 mA,2,995 mA,DEMO-L202411,,1,
2024-07-04 14:47:37,F4CE36C1F28196D5,Actuator Controller 3CH,GOOD,1500,20,1500,20,1500,20,15,4,3,883 mA,off,12 mA,1,839 mA,2,845 mA,DEMO-L202411,,1,
2024-07-02 13:42:23,F4CE36C27A3F1A11,Actuator Controller 3CH,GOOD,1500,20,1500,20,1500,20,15,4,3,1020 mA,off,11 mA,1,813 mA,2,979 mA,DEMO-L202411,,1,
2024-07-04 09:46:15,F4CE36C33F683575,Actuator Controller 3CH,GOOD,1500,20,1500,20,1500,20,15,4,3,989 mA,off,13 mA,1,908 mA,2,857 mA,DEMO-L202411,,1,
2024-07-04 09:46:15,F4CE36C439DB7A9F,Actuator Controller 3CH,GOOD,1500,20,1500,20,1500,20,15,4,3,1096 mA,off,11 mA,1,1072 mA,2,1054 mA,DEMO-L202411,,1,
2024-07-04 10:49:42,F4CE36C4986596E5,Actuator Controller 3CH,GOOD,1500,20,1500,20,1500,20,15,4,3,1088 mA,off,11 mA,1,1135 mA,2,819 mA,DEMO-L202411,,1,
2024-07-04 15:15:21,F4CE36C4B944B71E,Actuator Controller 3CH,GOOD,1500,20,1500,20,1500,20,15,4,3,989 mA,off,11 mA,1,987 mA,2,891 mA,DEMO-L202411,,1,
2024-07-02 10:25:49,F4CE36C4EC603044,Actuator Controller 3CH,GOOD,1500,20,1500,20,1500,20,15,4,3,862 mA,off,10 mA,1,840 mA,2,967 mA,DEMO-L202411,,1,
2024-07-01 15:06:22,F4CE36C4F1ABD4F6,Actuator Controller 3CH,GOOD,1500,20,1500,20,1500,20,15,4,HIGH,894 mA,OFF,13 mA,LOW,990 mA,MID,1028 mA,DEMO-L202411,,1,
2024-07-03 16:06:07,F4CE36C524F59018,Actuator Controller 3CH,GOOD,1500,20,1500,20,1500,20,15,4,3,1031 mA,off,10 mA,1,1056 mA,2,948 mA,DEMO-L202411,,1,
2024-07-03 16:06:07,F4CE36C52F304842,Actuator Controller 3CH,GOOD,1500,20,1500,20,1500,20,15,4,3,889 mA,off,11 mA,1,895 mA,2,945 mA,DEMO-L202411,,1,
2024-07-04 09:46:15,F4CE36C5819F7E28,Actuator Controller 3CH,GOOD,1500,20,1500,20,1500,20,15,4,3,980 mA,off,12 mA,1,1048 mA,2,972 mA,DEMO-L202411,,1,
2024-07-03 16:06:07,F4CE36C58DE5EF06,Actuator Controller 3CH,GOOD,1500,20,1500,20,1500,20,15,4,3,1056 mA,off,12 mA,1,1092 mA,2,982 mA,DEMO-L202411,,1,
2024-07-10 16:24:42,F4CE36C5C8126776,Actuator Controller 3CH,GOOD,1500,20,1500,20,1500,20,15,4,3,905 mA,off,11 mA,1,1086 mA,2,987 mA,DEMO-L202411,,1,
2024-07-04 14:34:19,F4CE36C5E4EA4A4A,Actuator Controller 3CH,GOOD,1500,20,1500,20,1500,20,15,4,3,1012 mA,off,12 mA,1,907 mA,2,774 mA,DEMO-L202411,,1,
2024-07-03 16:06:07,F4CE36C64F4E5A59,Actuator Controller 3CH,GOOD,1500,20,1500,20,1500,20,15,4,3,841 mA,off,11 mA,1,981 mA,2,1053 mA,DEMO-L202411,,1,
2024-07-02 13:42:23,F4CE36C66C4C2133,Actuator Controller 3CH,GOOD,1500,20,1500,20,1500,20,15,4,3,811 mA,off,10 mA,1,877 mA,2,1007 mA,DEMO-L202411,,1,
2024-07-03 16:06:07,F4CE36C6C1C5CBEC,Actuator Controller 3CH,GOOD,1500,20,1500,20,1500,20,15,4,3,929 mA,off,10 mA,1,847 mA,2,1088 mA,DEMO-L202411,,1,
2024-07-04 14:34:19,F4CE36C6D045857B,Actuator Controller 3CH,GOOD,1500,20,1500,20,1500,20,15,4,3,971 mA,off,9 mA,1,821 mA,2,953 mA,DEMO-L202411,,1,
2024-07-02 13:42:23,F4CE36C72AF548AB,Actuator Controller 3CH,GOOD,1500,20,1500,20,1500,20,15,4,3,832 mA,off,10 mA,1,823 mA,2,894 mA,DEMO-L202411,,1,
2024-07-04 09:46:15,F4CE36C786D648BD,Actuator Controller 3CH,GOOD,1500,20,1500,20,1500,20,15,4,3,883 mA,off,12 mA,1,1038 mA,2,1143 mA,DEMO-L202411,,1,
2024-07-01 15:38:46,F4CE36C7AB5761A4,Actuator Controller 3CH,GOOD,1500,20,1500,20,1500,20,15,4,3,1007 mA,off,12 mA,1,857 mA,2,954 mA,DEMO-L202411,,1,
2024-07-04 15:15:21,F4CE36C7F6DB15E9,Actuator Controller 3CH,GOOD,1500,20,1500,20,1500,20,15,4,3,1001 mA,off,13 mA,1,839 mA,2,795 mA,DEMO-L202411,,1,
2024-07-02 10:25:49,F4CE36C81A2DF9D3,Actuator Controller 3CH,GOOD,1500,20,1500,20,1500,20,15,4,3,992 mA,off,12 mA,1,932 mA,2,973 mA,DEMO-L202411,,1,
2024-07-02 10:25:49,F4CE36C84D078927,Actuator Controller 3CH,GOOD,1500,20,1500,20,1500,20,15,4,3,977 mA,off,12 mA,1,962 mA,2,940 mA,DEMO-L202411,,1,
2024-07-04 15:15:21,F4CE36C89C83E8F7,Actuator Controller 3CH,GOOD,1500,20,1500,20,1500,20,15,4,3,959 mA,off,11 mA,1,799 mA,2,776 mA,DEMO-L202411,,1,
2024-07-01 14:17:07,F4CE36C908BCB9CA,Actuator Controller 3CH,GOOD,1500,20,1500,20,1500,20,15,4,3,915 mA,off,13 mA,1,965 mA,2,893 mA,DEMO-L202411,,1,
2024-07-01 15:38:46,F4CE36C9BC293CCD,Actuator Controller 3CH,GOOD,1500,20,1500,20,1500,20,15,4,HIGH,866 mA,OFF,9 mA,LOW,1038 mA,MID,909 mA,DEMO-L202411,,1,
2024-07-02 10:25:49,F4CE36C9BF3AAE0B,Actuator Controller 3CH,GOOD,1500,20,1500,20,1500,20,15,4,3,855 mA,off,10 mA,1,1014 mA,2,1003 mA,DEMO-L202411,,1,
2024-07-02 13:42:23,F4CE36CA920C75A2,Actuator Controller 3CH,GOOD,1500,20,1500,20,1500,20,15,4,HIGH,811 mA,OFF,11 mA,LOW,998 mA,MID,916 mA,DEMO-L202411,,1,
2024-07-04 14:47:37,F4CE36CB0E056B36,Actuator Controller 3CH,GOOD,1500,20,1500,20,1500,20,15,4,3,1015 mA,off,12 mA,1,954 mA,2,998 mA,DEMO-L202411,,1,
2024-07-01 16:06:31,F4CE36CB4D233389,Actuator Controller 3CH,GOOD,1500,20,1500,20,1500,20,15,4,3,985 mA,off,10 mA,1,939 mA,2,906 mA,DEMO-L202411,,1,
2024-07-02 13:42:23,F4CE36CB89215176,Actuator Controller 3CH,GOOD,1500,20,1500,20,1500,20,15,4,3,875 mA,off,11 mA,1,844 mA,2,944 mA,DEMO-L202411,,1,
2024-07-04 15:15:21,F4CE36CBCD4F5543,Actuator Controller 3CH,GOOD,1500,20,1500,20,1500,20,15,4,3,919 mA,off,10 mA,1,774 mA,2,1017 mA,DEMO-L202411,,1,
2024-07-02 11:47:55,F4CE36CBF5AE4DD5,Actuator Controller 3CH,GOOD,1500,20,1500,20,1500,20,15,4,3,853 mA,off,12 mA,1,880 mA,2,1021 mA,DEMO-L202411,,1,
2024-07-03 16:06:07,F4CE36CC20C4758E,Actuator Controller 3CH,GOOD,1500,20,1500,20,1500,20,15,4,3,1059 mA,off,12 mA,1,1058 mA,2,1014 mA,DEMO-L202411,,1,
2024-07-03 16:06:07,F4CE36CD44BBE2BA,Actuator Controller 3CH,GOOD,1500,20,1500,20,1500,20,15,4,3,1049 mA,off,11 mA,1,1067 mA,2,852 mA,DEMO-L202411,,1,
2024-07-02 10:25:49,F4CE36CDDF2CA897,Actuator Controller 3CH,GOOD,1500,20,1500,20,1500,20,15,4,3,862 mA,off,10 mA,1,1037 mA,2,898 mA,DEMO-L202411,,1,
2024-07-04 14:34:19,F4CE36CED78AC957,Actuator Controller 3CH,GOOD,1500,20,1500,20,1500,20,15,4,3,1004 mA,off,12 mA,1,888 mA,2,974 mA,DEMO-L202411,,1,
2024-07-04 10:49:42,F4CE36CF69AD9289,Actuator Controller 3CH,GOOD,1500,20,1500,20,1500,20,15,4,3,860 mA,off,12 mA,1,785 mA,2,1162 mA,DEMO-L202411,,1,
2024-07-04 15:15:21,F4CE36D073957E87,Actuator Controller 3CH,GOOD,1500,20,1500,20,1500,20,15,4,3,940 mA,off,10 mA,1,992 mA,2,985 mA,DEMO-L202411,,1,
2024-07-04 15:15:21,F4CE36D144038F96,Actuator Controller 3CH,GOOD,1500,20,1500,20,1500,20,15,4,3,832 mA,off,11 mA,1,774 mA,2,849 mA,DEMO-L202411,,1,
2024-07-01 14:17:07,F4CE36D166597960,Actuator Controller 3CH,GOOD,1500,20,1500,20,1500,20,15,4,3,985 mA,off,13 mA,1,869 mA,2,860 mA,DEMO-L202411,,1,
2024-07-03 16:06:07,F4CE36D198F2937B,Actuator Controller 3CH,GOOD,1500,20,1500,20,1500,20,15,4,3,1089 mA,off,10 mA,1,1069 mA,2,975 mA,DEMO-L202411,,1,
2024-07-01 13:59:24,F4CE36D1C99031A9,Actuator Controller 3CH,GOOD,1500,20,1500,20,1500,20,15,4,3,963 mA,off,10 mA,1,1007 mA,2,849 mA,DEMO-L202411,,1,
2024-07-08 10:42:19,F4CE36D31C69A0E0,Actuator Controller 3CH,GOOD,1500,20,1500,20,1500,20,15,4,3,776 mA,off,13 mA,1,776 mA,2,996 mA,DEMO-L202411,,1,
2024-07-01 16:06:31,F4CE36D31D79B4A8,Actuator Controller 3CH,GOOD,1500,20,1500,20,1500,20,15,4,3,838 mA,off,11 mA,1,854 mA,2,877 mA,DEMO-L202411,,1,
2024-07-04 10:26:46,F4CE36D34ED59605,Actuator Controller 3CH,GOOD,1500,20,1500,20,1500,20,15,4,3,858 mA,off,11 mA,1,1092 mA,2,1055 mA,DEMO-L202411,,1,
2024-07-04 09:46:15,F4CE36D352BF0663,Actuator Controller 3CH,GOOD,1500,20,1500,20,1500,20,15,4,3,1008 mA,off,11 mA,1,1107 mA,2,926 mA,DEMO-L202411,,1,
2024-07-04 15:15:21,F4CE36D3945A1C5B,Actuator Controller 3CH,GOOD,1500,20,1500,20,1500,20,15,4,3,1028 mA,off,12 mA,1,766 mA,2,882 mA,DEMO-L202411,,1,
2024-07-03 15:06:02,F4CE36D470F1170A,Actuator Controller 3CH,GOOD,1500,20,1500,20,1500,20,15,4,HIGH,834 mA,OFF,11 mA,LOW,960 mA,MID,878 mA,DEMO-L202411,,1,
2024-07-04 10:49:42,F4CE36D55581EAC6,Actuator Controller 3CH,GOOD,1500,20,1500,20,1500,20,15,4,3,1162 mA,off,11 mA,1,871 mA,2,823 mA,DEMO-L202411,,1,
2024-07-04 10:49:42,F4CE36D586D9244B,Actuator Controller 3CH,GOOD,1500,20,1500,20,1500,20,15,4,HIGH,872 mA,OFF,11 mA,LOW,859 mA,MID,1002 mA,DEMO-L202411,,1,
2024-07-04 10:26:46,F4CE36D659C00644,Actuator Controller 3CH,GOOD,1500,20,1500,20,1500,20,15,4,3,904 mA,off,12 mA,1,1099 mA,2,913 mA,DEMO-L202411,,1,
2024-07-04 09:46:15,F4CE36D68954367A,Actuator Controller 3CH,GOOD,1500,20,1500,20,1500,20,15,4,3,929 mA,off,12 mA,1,832 mA,2,1039 mA,DEMO-L202411,,1,
2024-07-02 13:42:23,F4CE36D728A79E3B,Actuator Controller 3CH,GOOD,1500,20,1500,20,1500,20,15,4,3,857 mA,off,11 mA,1,1016 mA,2,796 mA,DEMO-L202411,,1,
2024-07-04 09:46:15,F4CE36D7384BCDD2,Actuator Controller 3CH,GOOD,1500,20,1500,20,1500,20,15,4,3,1079 mA,off,11 mA,1,1078 mA,2,1080 mA,DEMO-L202411,,1,
2024-07-02 13:42:23,F4CE36D7D899F6C5,Actuator Controller 3CH,GOOD,1500,20,1500,20,1500,20,15,4,3,984 mA,off,12 mA,1,831 mA,2,1005 mA,DEMO-L202411,,1,
2024-07-02 13:42:23,F4CE36D7FE09C33F,Actuator Controller 3CH,GOOD,1500,20,1500,20,1500,20,15,4,3,782 mA,off,11 mA,1,1022 mA,2,832 mA,DEMO-L202411,,1,
2024-07-02 13:42:23,F4CE36D8E02482A3,Actuator Controller 3CH,GOOD,1500,20,1500,20,1500,20,15,4,3,984 mA,off,10 mA,1,812 mA,2,909 mA,DEMO-L202411,,1,
2024-07-04 15:15:21,F4CE36D8E067741D,Actuator Controller 3CH,GOOD,1500,20,1500,20,1500,20,15,4,HIGH,980 mA,OFF,12 mA,LOW,801 mA,MID,803 mA,DEMO-L202411,,1,
2024-07-04 15:15:21,F4CE36D99D3D9462,Actuator Controller 3CH,GOOD,1500,20,1500,20,1500,20,15,4,3,937 mA,off,11 mA,1,806 mA,2,1024 mA,DEMO-L202411,,1,
2024-07-04 09:46:15,F4CE36D9B4AD6C68,Actuator Controller 3CH,GOOD,1500,20,1500,20,1500,20,15,4,3,1042 mA,off,11 mA,1,897 mA,2,1065 mA,DEMO-L202411,,1,
2024-07-02 13:42:23,F4CE36DAB3D7AB0D,Actuator Controller 3CH,GOOD,1500,20,1500,20,1500,20,15,4,3,846 mA,off,12 mA,1,1026 mA,2,974 mA,DEMO-L202411,,1,
2024-07-01 13:10:39,F4CE36DC740DCD6E,Actuator Controller 3CH,GOOD,1500,20,1500,20,1500,20,15,4,HIGH,854 mA,OFF,10 mA,LOW,863 mA,MID,929 mA,DEMO-L202411,,1,
2024-07-02 10:25:49,F4CE36DCD4E5055B,Actuator Controller 3CH,GOOD,1500,20,1500,20,1500,20,15,4,3,963 mA,off,10 mA,1,882 mA,2,987 mA,DEMO-L202411,,1,
2024-07-04 15:15:21,F4CE36DE240D89DF,Actuator Controller 3CH,GOOD,1500,20,1500,20,1500,20,15,4,3,812 mA,off,11 mA,1,816 mA,2,932 mA,DEMO-L202411,,1,
2024-07-04 10:49:42,F4CE36DE4A6A232A,Actuator Controller 3CH,GOOD,1500,20,1500,20,1500,20,15,4,3,895 mA,off,10 mA,1,1107 mA,2,911 mA,DEMO-L202411,,1,
2024-07-02 13:42:23,F4CE36DE7578276E,Actuator Controller 3CH,GOOD,1500,20,1500,20,1500,20,15,4,3,900 mA,off,11 mA,1,924 mA,2,915 mA,DEMO-L202411,,1,
2024-07-01 13:59:24,F4CE36DF235FC980,Actuator Controller 3CH,GOOD,1500,20,1500,20,1500,20,15,4,3,1021 mA,off,11 mA,1,948 mA,2,896 mA,DEMO-L202411,,1,
2024-07-02 13:42:23,F4CE36DF43D30292,Actuator Controller 3CH,GOOD,1500,20,1500,20,1500,20,15,4,3,886 mA,off,11 mA,1,897 mA,2,782 mA,DEMO-L202411,,1,
2024-07-04 15:15:21,F4CE36E02941F9F7,Actuator Controller 3CH,GOOD,1500,20,1500,20,1500,20,15,4,HIGH,781 mA,OFF,11 mA,LOW,994 mA,MID,930 mA,DEMO-L202411,,1,
2024-07-02 13:42:23,F4CE36E05202E778,Actuator Controller 3CH,GOOD,1500,20,1500,20,1500,20,15,4,3,968 mA,off,12 mA,1,803 mA,2,935 mA,DEMO-L202411,,1,
2024-07-04 14:16:01,F4CE36E09D4F3776,Actuator Controller 3CH,GOOD,1500,20,1500,20,1500,20,15,4,3,780 mA,off,10 mA,1,800 mA,2,888 mA,DEMO-L202411,,1,
2024-07-04 15:15:21,F4CE36E0ABBE952D,Actuator Controller 3CH,GOOD,1500,20,1500,20,1500,20,15,4,3,1017 mA,off,11 mA,1,1004 mA,2,962 mA,DEMO-L202411,,1,
2024-07-03 16:06:07,F4CE36E18B8A8F94,Actuator Controller 3CH,GOOD,1500,20,1500,20,1500,20,15,4,3,1043 mA,off,10 mA,1,1066 mA,2,848 mA,DEMO-L202411,,1,
2024-07-02 10:25:49,F4CE36E1935A3EEB,Actuator Controller 3CH,GOOD,1500,20,1500,20,1500,20,15,4,3,859 mA,off,9 mA,1,878 mA,2,925 mA,DEMO-L202411,,1,
2024-07-02 13:42:23,F4CE36E1BD66F7D3,Actuator Controller 3CH,GOOD,1500,20,1500,20,1500,20,15,4,HIGH,832 mA,OFF,12 mA,LOW,830 mA,MID,941 mA,DEMO-L202411,,1,
2024-07-04 09:46:15,F4CE36E1D54A94BE,Actuator Controller 3CH,GOOD,1500,20,1500,20,1500,20,15,4,3,890 mA,off,11 mA,1,969 mA,2,1040 mA,DEMO-L202411,,1,
2024-07-02 10:25:49,F4CE36E203E99CC0,Actuator Controller 3CH,GOOD,1500,20,1500,20,1500,20,15,4,3,890 mA,off,12 mA,1,884 mA,2,1030 mA,DEMO-L202411,,1,
2024-07-04 10:49:42,F4CE36E204EA62B0,Actuator Controller 3CH,GOOD,1500,20,1500,20,1500,20,15,4,3,1084 mA,off,12 mA,1,931 mA,2,1120 mA,DEMO-L202411,,1,
2024-07-03 16:06:07,F4CE36E2466C3750,Actuator Controller 3CH,GOOD,1500,20,1500,20,1500,20,15,4,3,1018 mA,off,12 mA,1,948 mA,2,926 mA,DEMO-L202411,,1,
2024-07-04 10:49:42,F4CE36E317F54BAD,Actuator Controller 3CH,GOOD,1500,20,1500,20,1500,20,15,4,3,839 mA,off,11 mA,1,1126 mA,2,934 mA,DEMO-L202411,,1,
2024-07-03 16:06:07,F4CE36E35E4480FD,Actuator Controller 3CH,GOOD,1500,20,1500,20,1500,20,15,4,3,941 mA,off,13 mA,1,899 mA,2,1020 mA,DEMO-L202411,,1,
2024-07-04 10:49:42,F4CE36E3630B7D98,Actuator Controller 3CH,GOOD,1500,20,1500,20,1500,20,15,4,3,930 mA,off,10 mA,1,880 mA,2,1104 mA,DEMO-L202411,,1,
2024-07-03 16:06:07,F4CE36E491249805,Actuator Controller 3CH,GOOD,1500,20,1500,20,1500,20,15,4,3,926 mA,off,11 mA,1,895 mA,2,845 mA,DEMO-L202411,,1,
2024-07-02 10:18:00,F4CE36E49A6E83B7,Actuator Controller 3CH,GOOD,1500,20,1500,20,1500,20,15,4,3,1001 mA,off,12 mA,1,875 mA,2,987 mA,DEMO-L202411,,1,
2024-07-02 11:47:55,F4CE36E68194D7C4,Actuator Controller 3CH,GOOD,1500,20,1500,20,1500,20,15,4,3,883 mA,off,9 mA,1,947 mA,2,1013 mA,DEMO-L202411,,1,
2024-07-02 11:47:55,F4CE36E73DBA3904,Actuator Controller 3CH,GOOD,1500,20,1500,20,1500,20,15,4,3,909 mA,off,9 mA,1,969 mA,2,1044 mA,DEMO-L202411,,1,
2024-07-02 11:47:55,F4CE36E77DBA9F13,Actuator Controller 3CH,GOOD,1500,20,1500,20,1500,20,15,4,3,1052 mA,off,12 mA,1,863 mA,2,1060 mA,DEMO-L202411,,1,
2024-07-02 13:42:23,F4CE36E8F0FDA6C4,Actuator Controller 3CH,GOOD,1500,20,1500,20,1500,20,15,4,3,871 mA,off,11 mA,1,929 mA,2,918 mA,DEMO-L202411,,1,
2024-11-11 11:39:10,F4CE36E98DAB3D53,Actuator Controller 3CH,GOOD,1500,20,1500,20,1500,20,15,4,3,10 mA,off,12 mA,1,12 mA,2,10 mA,DEMO-L202411,,0,ActuatorContoller3CH-v01010100.hex
2024-07-04 15:15:21,F4CE36EAD251F7D6,Actuator Controller 3CH,GOOD,1500,20,1500,20,1500,20,15,4,3,817 mA,off,12 mA,1,790 mA,2,1017 mA,DEMO-L202411,,1,
2024-07-04 09:46:15,F4CE36EBE2F06C25,Actuator Controller 3CH,GOOD,1500,20,1500,20,1500,20,15,4,3,892 mA,off,11 mA,1,889 mA,2,1043 mA,DEMO-L202411,,1,
2024-07-01 13:10:39,F4CE36EBF9098A2D,Actuator Controller 3CH,GOOD,1500,20,1500,20,1500,20,15,4,3,855 mA,off,12 mA,1,922 mA,2,964 mA,DEMO-L202411,,1,
2024-07-02 13:42:23,F4CE36ED56FCF1D5,Actuator Controller 3CH,GOOD,1500,20,1500,20,1500,20,15,4,3,963 mA,off,11 mA,1,1019 mA,2,1005 mA,DEMO-L202411,,1,
2024-07-04 10:26:46,F4CE36ED7F2AE350,Actuator Controller 3CH,GOOD,1500,20,1500,20,1500,20,15,4,3,1060 mA,off,11 mA,1,1005 mA,2,936 mA,DEMO-L202411,,1,
2024-07-02 13:42:23,F4CE36EDF20F9AB3,Actuator Controller 3CH,GOOD,1500,20,1500,20,1500,20,15,4,3,929 mA,off,11 mA,1,840 mA,2,983 mA,DEMO-L202411,,1,
2024-07-04 15:15:21,F4CE36EE2CECE8DD,Actuator Controller 3CH,GOOD,1500,20,1500,20,1500,20,15,4,3,1004 mA,off,9 mA,1,1027 mA,2,1024 mA,DEMO-L202411,,1,
2024-07-04 10:49:42,F4CE36EED1BD31E4,Actuator Controller 3CH,GOOD,1500,20,1500,20,1500,20,15,4,3,831 mA,off,12 mA,1,862 mA,2,817 mA,DEMO-L202411,,1,
2024-07-02 13:42:23,F4CE36EF11717354,Actuator Controller 3CH,GOOD,1500,20,1500,20,1500,20,15,4,3,879 mA,off,11 mA,1,869 mA,2,975 mA,DEMO-L202411,,1,
2024-07-01 16:06:31,F4CE36F08B1773A4,Actuator Controller 3CH,GOOD,1500,20,1500,20,1500,20,15,4,3,844 mA,off,12 mA,1,1006 mA,2,987 mA,DEMO-L202411,,1,
2024-07-03 16:06:07,F4CE36F145A1DE2A,Actuator Controller 3CH,GOOD,1500,20,1500,20,1500,20,15,4,3,1014 mA,off,10 mA,1,1006 mA,2,999 mA,DEMO-L202411,,1,
2024-07-04 14:34:19,F4CE36F15EDBC331,Actuator Controller 3CH,GOOD,1500,20,1500,20,1500,20,15,4,3,1017 mA,off,10 mA,1,862 mA,2,1029 mA,DEMO-L202411,,1,
2024-07-02 13:42:23,F4CE36F1646ED2B1,Actuator Controller 3CH,GOOD,1500,20,1500,20,1500,20,15,4,3,803 mA,off,12 mA,1,837 mA,2,904 mA,DEMO-L202411,,1,
2024-07-02 11:47:55,F4CE36F2F4980A2D,Actuator Controller 3CH,GOOD,1500,20,1500,20,1500,20,15,4,3,902 mA,off,13 mA,1,860 mA,2,941 mA,DEMO-L202411,,1,
2024-07-02 13:42:23,F4CE36F3E990EB9C,Actuator Controller 3CH,GOOD,1500,20,1500,20,1500,20,15,4,3,973 mA,off,10 mA,1,925 mA,2,992 mA,DEMO-L202411,,1,
2024-07-02 10:25:49,F4CE36F406957434,Actuator Controller 3CH,GOOD,1500,20,1500,20,1500,20,15,4,3,956 mA,off,12 mA,1,870 mA,2,903 mA,DEMO-L202411,,1,
2024-07-02 10:25:49,F4CE36F413C1DC37,Actuator Controller 3CH,GOOD,1500,20,1500,20,1500,20,15,4,HIGH,1008 mA,OFF,11 mA,LOW,937 mA,MID,865 mA,DEMO-L202411,,1,
2024-07-03 16:06:07,F4CE36F4D52480EB,Actuator Controller 3CH,GOOD,1500,20,1500,20,1500,20,15,4,3,1002 mA,off,12 mA,1,1048 mA,2,893 mA,DEMO-L202411,,1,
2024-07-03 16:06:07,F4CE36F524331A2B,Actuator Controller 3CH,GOOD,1500,20,1500,20,1500,20,15,4,3,981 mA,off,11 mA,1,862 mA,2,876 mA,DEMO-L202411,,1,
2024-07-02 13:42:23,F4CE36F52DDFC069,Actuator Controller 3CH,GOOD,1500,20,1500,20,1500,20,15,4,3,783 mA,off,10 mA,1,969 mA,2,1011 mA,DEMO-L202411,,1,
2024-07-04 10:49:42,F4CE36F53A4E660B,Actuator Controller 3CH,GOOD,1500,20,1500,20,1500,20,15,4,3,1057 mA,off,12 mA,1,927 mA,2,1125 mA,DEMO-L202411,,1,
2024-07-04 10:49:42,F4CE36F56A6157DC,Actuator Controller 3CH,GOOD,1500,20,1500,20,1500,20,15,4,3,798 mA,off,10 mA,1,996 mA,2,863 mA,DEMO-L202411,,1,
2024-07-02 10:25:49,F4CE36F64BD1AFB9,Actuator Controller 3CH,GOOD,1500,20,1500,20,1500,20,15,4,3,914 mA,off,10 mA,1,875 mA,2,880 mA,DEMO-L202411,,1,
2024-07-04 15:15:21,F4CE36F689A110CD,Actuator Controller 3CH,GOOD,1500,20,1500,20,1500,20,15,4,3,795 mA,off,10 mA,1,806 mA,2,1019 mA,DEMO-L202411,,1,
2024-07-01 15:38:46,F4CE36F6ADB290AB,Actuator Controller 3CH,GOOD,1500,20,1500,20,1500,20,15,4,3,845 mA,off,12 mA,1,938 mA,2,869 mA,DEMO-L202411,,1,
2024-07-01 13:10:39,F4CE36F6FDD155BE,Actuator Controller 3CH,GOOD,1500,20,1500,20,1500,20,15,4,3,1010 mA,off,11 mA,1,1063 mA,2,874 mA,DEMO-L202411,,1,
2024-07-04 14:47:37,F4CE36F7778C5012,Actuator Controller 3CH,GOOD,1500,20,1500,20,1500,20,15,4,3,873 mA,off,10 mA,1,981 mA,2,928 mA,DEMO-L202411,,1,
2024-07-03 16:06:07,F4CE36F77B9FF49B,Actuator Controller 3CH,GOOD,1500,20,1500,20,1500,20,15,4,3,1025 mA,off,12 mA,1,852 mA,2,857 mA,DEMO-L202411,,1,
2024-07-04 15:15:21,F4CE36F8639A338A,Actuator Controller 3CH,GOOD,1500,20,1500,20,1500,20,15,4,3,810 mA,off,11 mA,1,828 mA,2,850 mA,DEMO-L202411,,1,
2024-07-03 16:06:07,F4CE36F8E47750A1,Actuator Controller 3CH,GOOD,1500,20,1500,20,1500,20,15,4,3,891 mA,off,11 mA,1,844 mA,2,1023 mA,DEMO-L202411,,1,
2024-07-04 15:15:21,F4CE36F913D1E15E,Actuator Controller 3CH,GOOD,1500,20,1500,20,1500,20,15,4,3,1013 mA,off,12 mA,1,1030 mA,2,945 mA,DEMO-L202411,,1,
2024-07-02 13:42:23,F4CE36F93596032C,Actuator Controller 3CH,GOOD,1500,20,1500,20,1500,20,15,4,3,946 mA,off,9 mA,1,930 mA,2,832 mA,DEMO-L202411,,1,
2024-07-04 15:15:21,F4CE36F98937BF63,Actuator Controller 3CH,GOOD,1500,20,1500,20,1500,20,15,4,3,852 mA,off,11 mA,1,1011 mA,2,848 mA,DEMO-L202411,,1,
2024-07-04 15:15:21,F4CE36F9B9F2F11C,Actuator Controller 3CH,GOOD,1500,20,1500,20,1500,20,15,4,3,974 mA,off,11 mA,1,799 mA,2,1035 mA,DEMO-L202411,,1,
2024-07-04 15:15:21,F4CE36F9C7188279,Actuator Controller 3CH,GOOD,1500,20,1500,20,1500,20,15,4,3,885 mA,off,12 mA,1,1007 mA,2,980 mA,DEMO-L202411,,1,
2024-07-04 14:29:16,F4CE36FB511886B0,Actuator Controller 3CH,GOOD,1500,20,1500,20,1500,20,15,4,3,1038 mA,off,11 mA,1,1057 mA,2,1044 mA,DEMO-L202411,,1,
2024-07-03 16:06:07,F4CE36FBA319BEE7,Actuator Controller 3CH,GOOD,1500,20,1500,20,1500,20,15,4,3,852 mA,off,12 mA,1,927 mA,2,937 mA,DEMO-L202411,,1,
2024-07-02 13:42:23,F4CE36FBB817CEEF,Actuator Controller 3CH,GOOD,1500,20,1500,20,1500,20,15,4,3,819 mA,off,11 mA,1,940 mA,2,1001 mA,DEMO-L202411,,1,
2024-07-04 14:08:34,F4CE36FC8E2608BE,Actuator Controller 3CH,GOOD,1500,20,1500,20,1500,20,15,4,3,782 mA,off,11 mA,1,965 mA,2,955 mA,DEMO-L202411,,1,
2024-07-03 16:06:07,F4CE36FCAEC1F83B,Actuator Controller 3CH,GOOD,1500,20,1500,20,1500,20,15,4,3,848 mA,off,11 mA,1,916 mA,2,925 mA,DEMO-L202411,,1,
2024-07-04 10:26:46,F4CE36FD20177DB5,Actuator Controller 3CH,GOOD,1500,20,1500,20,1500,20,15,4,3,1121 mA,off,13 mA,1,956 mA,2,1108 mA,DEMO-L202411,,1,
2024-07-02 10:25:49,F4CE36FE1C0AF1C0,Actuator Controller 3CH,GOOD,1500,20,1500,20,1500,20,15,4,3,983 mA,off,11 mA,1,970 mA,2,872 mA,DEMO-L202411,,1,
2024-07-02 10:25:49,F4CE36FE25B5C0CE,Actuator Controller 3CH,GOOD,1500,20,1500,20,1500,20,15,4,3,1007 mA,off,11 mA,1,1027 mA,2,1017 mA,DEMO-L202411,,1,
2024-07-04 09:46:15,F4CE36FE2DFDD32B,Actuator Controller 3CH,GOOD,1500,20,1500,20,1500,20,15,4,3,916 mA,off,11 mA,1,1098 mA,2,1067 mA,DEMO-L202411,,1,
2024-07-01 14:17:07,F4CE36FE71652B13,Actuator Controller 3CH,GOOD,1500,20,1500,20,1500,20,15,4,3,844 mA,off,13 mA,1,1013 mA,2,918 mA,DEMO-L202411,,1,
