Time-Stamp,DeviceID,DeviceType,Status,MAX_High_Current,MIN_High_Current,MAX_Mid_Current,MIN_Mid_Current,MAX_Low_Current,MIN_Low_Current,MAX_Off_Current,MIN_Off_Current,SW1,Current-1,SW2,Current-2,SW3,Current-3,SW4,Current-4,Lot_ID,Issue-Name,Print_Status,Firmware_Version
2024-11-18 14:23:17,F4CE36010687904E,Actuator Controller 3CH,GOOD,1500,20,1500,20,1500,20,15,4,3,105 mA,off,1 mA,1,115 mA,2,131 mA,L20241111-01,,0,ActuatorContoller3CH-v01010100.hex
2024-11-14 13:34:43,F4CE3602027E1170,Actuator Controller 3CH,GOOD,1500,20,1500,20,1500,20,15,4,HIGH,108 mA,OFF,13 mA,LOW,118 mA,MID,129 mA,L20241111-01,,0,ActuatorContoller3CH-v01010100.hex
2024-11-15 12:58:55,F4CE3602197C517A,Actuator Controller 3CH,GOOD,1500,20,1500,20,1500,20,15,4,3,106 mA,off,10 mA,1,115 mA,2,132 mA,L20241111-01,,0,ActuatorContoller3CH-v01010100.hex
2024-11-14 13:34:43,F4CE3602DCD3E9EC,Actuator Controller 3CH,GOOD,1500,20,1500,20,1500,20,15,4,HIGH,108 mA,OFF,13 mA,LOW,121 mA,MID,130 mA,L20241111-01,,0,ActuatorContoller3CH-v01010100.hex
2024-11-14 13:34:43,F4CE36042A98463E,Actuator Controller 3CH,GOOD,1500,20,1500,20,1500,20,15,4,HIGH,105 mA,OFF,12 mA,LOW,124 mA,MID,127 mA,L20241111-01,,0,ActuatorContoller3CH-v01010100.hex
2024-11-15 14:22:31,F4CE3605C6660831,Actuator Controller 3CH,GOOD,1500,20,1500,20,1500,20,15,4,3,109 mA,off,11 mA,1,126 mA,2,133 mA,L20241111-01,,0,ActuatorContoller3CH-v01010100.hex
2024-11-18 10:23:23,F4CE36063325F399,Actuator Controller 3CH,GOOD,1500,20,1500,20,1500,20,15,4,HIGH,108 mA,OFF,11 mA,LOW,117 mA,MID,125 mA,L20241111-01,,0,ActuatorContoller3CH-v01010100.hex
2024-11-15 14:22:31,F4CE3606BE04A901,Actuator Controller 3CH,GOOD,1500,20,1500,20,1500,20,15,4,3,106 mA,off,10 mA,1,128 mA,2,129 mA,L20241111-01,,0,ActuatorContoller3CH-v01010100.hex
2024-11-19 10:53:23,F4CE36078B382272,Actuator Controller 3CH,GOOD,1500,20,1500,20,1500,20,15,4,3,109 mA,off,11 mA,1,119 mA,2,133 mA,L20241111-01,,0,ActuatorContoller3CH-v01010100.hex
2024-11-19 10:53:23,F4CE3607D5F67DE6,Actuator Controller 3CH,GOOD,1500,20,1500,20,1500,20,15,4,3,104 mA,off,11 mA,1,116 mA,2,125 mA,L20241111-01,,0,ActuatorContoller3CH-v01010100.hex
2024-11-14 13:34:43,F4CE360822463EEC,Actuator Controller 3CH,GOOD,1500,20,1500,20,1500,20,15,4,HIGH,108 mA,OFF,10 mA,LOW,129 mA,MID,124 mA,L20241111-01,,0,ActuatorContoller3CH-v01010100.hex
2024-11-20 10:41:41,F4CE3608690D2837,Actuator Controller 3CH,GOOD,1500,20,1500,20,1500,20,15,4,HIGH,519 mA,OFF,13 mA,LOW,168 mA,MID,271 mA,L20241111-01,,1,ActuatorContoller3CH-v01010100.hex
2024-11-18 10:23:23,F4CE3609283584CE,Actuator Controller 3CH,GOOD,1500,20,1500,20,1500,20,15,4,3,107 mA,off,12 mA,1,118 mA,2,133 mA,L20241111-01,,0,ActuatorContoller3CH-v01010100.hex
2024-11-14 13:34:43,F4CE360934E2AA78,Actuator Controller 3CH,GOOD,1500,20,1500,20,1500,20,15,4,HIGH,108 mA,OFF,13 mA,LOW,122 mA,MID,124 mA,L20241111-01,,0,ActuatorContoller3CH-v01010100.hex
2024-11-18 10:23:23,F4CE3609628BDEB4,Actuator Controller 3CH,GOOD,1500,20,1500,20,1500,20,15,4,3,109 mA,off,11 mA,1,120 mA,2,130 mA,L20241111-01,,0,ActuatorContoller3CH-v01010100.hex
2024-11-19 10:53:23,F4CE36098FAE9118,Actuator Controller 3CH,GOOD,1500,20,1500,20,1500,20,15,4,3,108 mA,off,13 mA,1,135 mA,2,133 mA,L20241111-01,,0,ActuatorContoller3CH-v01010100.hex
2024-11-15 14:22:31,F4CE3609917B7A08,Actuator Controller 3CH,GOOD,1500,20,1500,20,1500,20,15,4,HIGH,102 mA,OFF,11 mA,LOW,111 mA,MID,132 mA,L20241111-01,,1,ActuatorContoller3CH-v01010100.hex
2024-11-14 11:55:15,F4CE360A2ECB9A59,Actuator Controller 3CH,GOOD,1500,20,1500,20,1500,20,15,4,HIGH,110 mA,OFF,11 mA,LOW,130 mA,MID,132 mA,L20241111-01,,1,ActuatorContoller3CH-v01010100.hex
2024-11-14 13:34:43,F4CE360B0A44D4BF,Actuator Controller 3CH,GOOD,1500,20,1500,20,1500,20,15,4,HIGH,107 mA,OFF,12 mA,LOW,123 mA,MID,133 mA,L20241111-01,,0,ActuatorContoller3CH-v01010100.hex
2024-11-15 14:22:31,F4CE360C642732FB,Actuator Controller 3CH,GOOD,1500,20,1500,20,1500,20,15,4,3,104 mA,off,11 mA,1,121 mA,2,131 mA,L20241111-01,,0,ActuatorContoller3CH-v01010100.hex
2024-11-19 10:53:23,F4CE360C9F1B9D8E,Actuator Controller 3CH,GOOD,1500,20,1500,20,1500,20,15,4,3,106 mA,off,11 mA,1,131 mA,2,97 mA,L20241111-01,,0,ActuatorContoller3CH-v01010100.hex
2024-11-18 14:39:44,F4CE360DA4927025,Actuator Controller 3CH,GOOD,1500,20,1500,20,1500,20,15,4,HIGH,107 mA,OFF,11 mA,LOW,113 mA,MID,130 mA,L20241111-01,,0,ActuatorContoller3CH-v01010100.hex
2024-11-14 13:34:43,F4CE360DFAD2C48D,Actuator Controller 3CH,GOOD,1500,20,1500,20,1500,20,15,4,HIGH,102 mA,OFF,11 mA,LOW,119 mA,MID,130 mA,L20241111-01,,0,ActuatorContoller3CH-v01010100.hex
2024-11-18 14:39:44,F4CE360E62067BED,Actuator Controller 3CH,GOOD,1500,20,1500,20,1500,20,15,4,3,106 mA,off,11 mA,1,116 mA,2,133 mA,L20241111-01,,0,ActuatorContoller3CH-v01010100.hex
2024-11-19 10:53:23,F4CE360E7322B465,Actuator Controller 3CH,GOOD,1500,20,1500,20,1500,20,15,4,3,113 mA,off,12 mA,1,124 mA,2,131 mA,L20241111-01,,0,ActuatorContoller3CH-v01010100.hex
2024-11-18 14:39:44,F4CE360EB669E728,Actuator Controller 3CH,GOOD,1500,20,1500,20,1500,20,15,4,3,95 mA,off,10 mA,1,109 mA,2,131 mA,L20241111-01,,0,ActuatorContoller3CH-v01010100.hex
2024-11-15 09:49:18,F4CE360FEB1B5F42,Actuator Controller 3CH,GOOD,1500,20,1500,20,1500,20,15,4,3,108 mA,off,9 mA,1,129 mA,2,133 mA,L20241111-01,,0,ActuatorContoller3CH-v01010100.hex
2024-11-14 11:55:15,F4CE36145E439F23,Actuator Controller 3CH,GOOD,1500,20,1500,20,1500,20,15,4,HIGH,105 mA,OFF,13 mA,LOW,124 mA,MID,123 mA,L20241111-01,,0,ActuatorContoller3CH-v01010100.hex
2024-11-18 14:39:44,F4CE36153241FAA0,Actuator Controller 3CH,GOOD,1500,20,1500,20,1500,20,15,4,3,104 mA,off,11 mA,1,118 mA,2,131 mA,L20241111-01,,0,ActuatorContoller3CH-v01010100.hex
2024-11-15 14:22:31,F4CE3615748469C0,Actuator Controller 3CH,GOOD,1500,20,1500,20,1500,20,15,4,3,103 mA,off,11 mA,1,119 mA,2,131 mA,L20241111-01,,0,ActuatorContoller3CH-v01010100.hex
2024-11-19 10:53:23,F4CE3615885C16FC,Actuator Controller 3CH,GOOD,1500,20,1500,20,1500,20,15,4,3,99 mA,off,11 mA,1,117 mA,2,130$mA,L20241111-01,,0,ActuatorContoller3CH-v01010100.hex
2024-11-15 14:22:31,F4CE361857A6BDD1,Actuator Controller 3CH,GOOD,1500,20,1500,20,1500,20,15,4,3,109 mA,off,11 mA,1,122 mA,2,130 mA,L20241111-01,,0,ActuatorContoller3CH-v01010100.hex
2024-11-18 10:23:23,F4CE3618B920787F,Actuator Controller 3CH,GOOD,1500,20,1500,20,1500,20,15,4,3,103 mA,off,11 mA,1,115 mA,2,132 mA,L20241111-01,,0,ActuatorContoller3CH-v01010100.hex
2024-11-14 13:34:43,F4CE361914A9054D,Actuator Controller 3CH,GOOD,1500,20,1500,20,1500,20,15,4,HIGH,98 mA,OFF,12 mA,LOW,105 mA,MID,130 mA,L20241111-01,,0,ActuatorContoller3CH-v01010100.hex
2024-11-14 13:34:43,F4CE3619722C201A,Actuator Controller 3CH,GOOD,1500,20,1500,20,1500,20,15,4,HIGH,109 mA,OFF,11 mA,LOW,132 mA,MID,128 mA,L20241111-01,,0,ActuatorContoller3CH-v01010100.hex
2024-11-15 12:58:55,F4CE36198485C1FA,Actuator Controller 3CH,GOOD,1500,20,1500,20,1500,20,15,4,3,107 mA,off,11 mA,1,126 mA,2,131 mA,L20241111-01,,0,ActuatorContoller3CH-v01010100.hex
2024-11-18 10:23:23,F4CE3619CA695C24,Actuator Controller 3CH,GOOD,1500,20,1500,20,1500,20,15,4,HIGH,107 mA,OFF,10 mA,LOW,112 mA,MID,132 mA,L20241111-01,,0,ActuatorContoller3CH-v01010100.hex
2024-11-15 14:22:31,F4CE3619D62823FC,Actuator Controller 3CH,GOOD,1500,20,1500,20,1500,20,15,4,3,103 mA,off,10 mA,1,120 mA,2,131 mA,L20241111-01,,0,ActuatorContoller3CH-v01010100.hex
2024-11-18 10:23:23,F4CE361A23D78673,Actuator Controller 3CH,GOOD,1500,20,1500,20,1500,20,15,4,3,105 mA,off,11 mA,1,116 mA,2,135 mA,L20241111-01,,0,ActuatorContoller3CH-v01010100.hex
2024-11-19 10:53:23,F4CE361AB74BA36B,Actuator Controller 3CH,GOOD,1500,20,1500,20,1500,20,15,4,3,109 mA,off,10 mA,1,121 mA,2,131 mA,L20241111-01,,0,ActuatorContoller3CH-v01010100.hex
2024-11-14 13:34:43,F4CE361B3B4FA7CE,Actuator Controller 3CH,GOOD,1500,20,1500,20,1500,20,15,4,HIGH,106 mA,OFF,11 mA,LOW,118 mA,MID,132 mA,L20241111-01,,0,ActuatorContoller3CH-v01010100.hex
2024-11-19 10:53:23,F4CE361C6F8E755F,Actuator Controller 3CH,GOOD,1500,20,1500,20,1500,20,15,4,3,110 mA,off,11 mA,1,119 mA,2,134 mA,L20241111-01,,0,ActuatorContoller3CH-v01010100.hex
2024-11-18 10:23:23,F4CE361D4E1C61E2,Actuator Controller 3CH,GOOD,1500,20,1500,20,1500,20,15,4,HIGH,93 mA,OFF,12 mA,LOW,115 mA,MID,131 mA,L20241111-01,,1,ActuatorContoller3CH-v01010100.hex
2024-11-14 13:34:43,F4CE361D75AA8CBE,Actuator Controller 3CH,GOOD,1500,20,1500,20,1500,20,15,4,HIGH,105 mA,OFF,12 mA,LOW,121 mA,MID,132 mA,L20241111-01,,0,ActuatorContoller3CH-v01010100.hex
2024-11-18 10:23:23,F4CE361DD85E857A,Actuator Controller 3CH,GOOD,1500,20,1500,20,1500,20,15,4,3,106 mA,off,11 mA,1,115 mA,2,132 mA,L20241111-01,,0,ActuatorContoller3CH-v01010100.hex
2024-11-15 09:49:18,F4CE361DEB8D5FED,Actuator Controller 3CH,GOOD,1500,20,1500,20,1500,20,15,4,3,106 mA,off,11 mA,1,113 mA,2,131 mA,L20241111-01,,0,ActuatorContoller3CH-v01010100.hex
2024-11-14 11:55:15,F4CE361F3F9067DC,Actuator Controller 3CH,GOOD,1500,20,1500,20,1500,20,15,4,HIGH,107 mA,OFF,13 mA,LOW,117 mA,MID,130 mA,L20241111-01,,0,ActuatorContoller3CH-v01010100.hex
2024-11-15 14:22:31,F4CE3624EFA21080,Actuator Controller 3CH,GOOD,1500,20,1500,20,1500,20,15,4,3,107 mA,off,11 mA,1,119 mA,2,131 mA,L20241111-01,,1,ActuatorContoller3CH-v01010100.hex
2024-11-18 14:39:44,F4CE3625552CA11E,Actuator Controller 3CH,GOOD,1500,20,1500,20,1500,20,15,4,3,106 mA,off,11 mA,1,114 mA,2,132 mA,L20241111-01,,0,ActuatorContoller3CH-v01010100.hex
2024-11-18 10:23:23,F4CE3625884843D9,Actuator Controller 3CH,GOOD,1500,20,1500,20,1500,20,15,4,3,107 mA,off,11 mA,1,114 mA,2,130 mA,L20241111-01,,0,ActuatorContoller3CH-v01010100.hex
2024-11-14 13:34:43,F4CE362889CCEDED,Actuator Controller 3CH,GOOD,1500,20,1500,20,1500,20,15,4,HIGH,110 mA,OFF,11 mA,LOW,122 mA,MID,131 mA,L20241111-01,,0,ActuatorContoller3CH-v01010100.hex
2024-11-14 13:34:43,F4CE36288BD9BD9F,Actuator Controller 3CH,GOOD,1500,20,1500,20,1500,20,15,4,HIGH,107 mA,OFF,12 mA,LOW,127 mA,MID,132 mA,L20241111-01,,0,ActuatorContoller3CH-v01010100.hex
2024-11-14 11:55:15,F4CE3629A8EFAD35,Actuator Controller 3CH,GOOD,1500,20,1500,20,1500,20,15,4,HIGH,111 mA,OFF,10 mA,LOW,134 mA,MID,132 mA,L20241111-01,,0,ActuatorContoller3CH-v01010100.hex
2024-11-18 14:39:44,F4CE362A0871E1D6,Actuator Controller 3CH,GOOD,1500,20,1500,20,1500,20,15,4,3,104 mA,off,11 mA,1,113 mA,2,125 mA,L20241111-01,,0,ActuatorContoller3CH-v01010100.hex
2024-11-18 10:23:23,F4CE362A59E7B884,Actuator Controller 3CH,GOOD,1500,20,1500,20,1500,20,15,4,3,104 mA,off,12 mA,1,114 mA,2,132 mA,L20241111-01,,0,ActuatorContoller3CH-v01010100.hex
2024-11-19 10:53:23,F4CE362AB574025E,Actuator Controller 3CH,GOOD,1500,20,1500,20,1500,20,15,4,3,99 mA,off,12 mA,1,119 mA,2,131 mA,L20241111-01,,0,ActuatorContoller3CH-v01010100.hex
2024-11-14 10:27:11,F4CE362DD5449E45,Actuator Controller 3CH,GOOD,1500,20,1500,20,1500,20,15,4,HIGH,108 mA,OFF,12 mA,LOW,109 mA,MID,129 mA,L20241111-01,,1,ActuatorContoller3CH-v01010100.hex
2024-11-18 14:23:17,F4CE362E616A6518,Actuator Controller 3CH,GOOD,1500,20,1500,20,1500,20,15,4,3,105 mA,off,13 mA,1,119 mA,2,133 mA,L20241111-01,,0,ActuatorContoller3CH-v01010100.hex
2024-11-18 14:39:44,F4CE362F677E7863,Actuator Controller 3CH,GOOD,1500,20,1500,20,1500,20,15,4,3,107 mA,off,11 mA,1,115 mA,2,130 mA,L20241111-01,,0,ActuatorContoller3CH-v01010100.hex
2024-11-19 10:53:23,F4CE362FD954B466,Actuator Controller 3CH,GOOD,1500,20,1500,20,1500,20,15,4,3,107 mA,off,11 mA,1,121 mA,2,132 mA,L20241111-01,,0,ActuatorContoller3CH-v01010100.hex
2024-11-18 14:23:17,F4CE363041E82357,Actuator Controller 3CH,GOOD,1500,20,1500,20,1500,20,15,4,3,106 mA,off,12 mA,1,120 mA,2,133 mA,L20241111-01,,0,ActuatorContoller3CH-v01010100.hex
2024-11-18 14:39:44,F4CE3630AB871A74,Actuator Controller 3CH,GOOD,1500,20,1500,20,1500,20,15,4,3,109 mA,off,11 mA,1,127 mA,2,132 mA,L20241111-01,,0,ActuatorContoller3CH-v01010100.hex
2024-11-15 14:22:31,F4CE3630AD0AE7E9,Actuator Controller 3CH,GOOD,1500,20,1500,20,1500,20,15,4,3,106 mA,off,11 mA,1,122 mA,2,132 mA,L20241111-01,,0,ActuatorContoller3CH-v01010100.hex
2024-11-14 13:34:43,F4CE36325FAA5FA8,Actuator Controller 3CH,GOOD,1500,20,1500,20,1500,20,15,4,HIGH,105 mA,OFF,12 mA,LOW,121 mA,MID,131 mA,L20241111-01,,0,ActuatorContoller3CH-v01010100.hex
2024-11-14 11:55:15,F4CE3632E7654B8B,Actuator Controller 3CH,GOOD,1500,20,1500,20,1500,20,15,4,HIGH,108 mA,OFF,11 mA,LOW,123 mA,MID,131 mA,L20241111-01,,0,ActuatorContoller3CH-v01010100.hex
2024-11-14 13:34:43,F4CE3633A90796EB,Actuator Controller 3CH,GOOD,1500,20,1500,20,1500,20,15,4,HIGH,107 mA,OFF,11 mA,LOW,121 mA,MID,134 mA,L20241111-01,,1,ActuatorContoller3CH-v01010100.hex
2024-11-15 14:22:31,F4CE3633F98F152A,Actuator Controller 3CH,GOOD,1500,20,1500,20,1500,20,15,4,3,109 mA,off,10 mA,1,124 mA,2,133 mA,L20241111-01,,1,ActuatorContoller3CH-v01010100.hex
2024-11-15 09:49:18,F4CE363457B2B9B4,Actuator Controller 3CH,GOOD,1500,20,1500,20,1500,20,15,4,3,102 mA,off,13 mA,1,117 mA,2,134 mA,L20241111-01,,0,ActuatorContoller3CH-v01010100.hex
2024-11-14 13:34:43,F4CE363504CCAE65,Actuator Controller 3CH,GOOD,1500,20,1500,20,1500,20,15,4,HIGH,87 mA,OFF,10 mA,LOW,102 mA,MID,128 mA,L20241111-01,,1,ActuatorContoller3CH-v01010100.hex
2024-11-18 14:39:44,F4CE3635868E849D,Actuator Controller 3CH,GOOD,1500,20,1500,20,1500,20,15,4,3,106 mA,off,12 mA,1,120 mA,2,134 mA,L20241111-01,,0,ActuatorContoller3CH-v01010100.hex
2024-11-15 14:22:31,F4CE3635A4608DE1,Actuator Controller 3CH,GOOD,1500,20,1500,20,1500,20,15,4,3,108 mA,off,10 mA,1,120 mA,2,133 mA,L20241111-01,,1,ActuatorContoller3CH-v01010100.hex
2024-11-18 13:34:17,F4CE3635A6E559F6,Actuator Controller 3CH,GOOD,1500,20,1500,20,1500,20,15,4,3,106 mA,off,11 mA,1,114 mA,2,127 mA,L20241111-01,,0,ActuatorContoller3CH-v01010100.hex
2024-11-14 11:55:15,F4CE3635C87CAE2B,Actuator Controller 3CH,GOOD,1500,20,1500,20,1500,20,15,4,HIGH,105 mA,OFF,11 mA,LOW,120 mA,MID,131 mA,L20241111-01,,0,ActuatorContoller3CH-v01010100.hex
2024-11-14 13:34:43,F4CE36370914C359,Actuator Controller 3CH,GOOD,1500,20,1500,20,1500,20,15,4,HIGH,109 mA,OFF,11 mA,LOW,128 mA,MID,130 mA,L20241111-01,,0,ActuatorContoller3CH-v01010100.hex
2024-11-14 13:34:43,F4CE36388431F2D2,Actuator Controller 3CH,GOOD,1500,20,1500,20,1500,20,15,4,HIGH,109 mA,OFF,11 mA,LOW,117 mA,MID,129 mA,L20241111-01,,0,ActuatorContoller3CH-v01010100.hex
2024-11-14 10:27:11,F4CE36390B1C5D5C,Actuator Controller 3CH,GOOD,1500,20,1500,20,1500,20,15,4,HIGH,106 mA,OFF,11 mA,LOW,113 mA,MID,130 mA,L20241111-01,,1,ActuatorContoller3CH-v01010100.hex
2024-11-15 14:22:31,F4CE36392BBD8FCF,Actuator Controller 3CH,GOOD,1500,20,1500,20,1500,20,15,4,3,110 mA,off,12 mA,1,130 mA,2,129 mA,L20241111-01,,1,ActuatorContoller3CH-v01010100.hex
2024-11-15 12:58:55,F4CE3639702FF2FB,Actuator Controller 3CH,GOOD,1500,20,1500,20,1500,20,15,4,3,108 mA,off,12 mA,1,121 mA,2,130 mA,L20241111-01,,0,ActuatorContoller3CH-v01010100.hex
2024-11-15 12:17:24,F4CE3639AC3965F4,Actuator Controller 3CH,GOOD,1500,20,1500,20,1500,20,15,4,HIGH,101 mA,OFF,12 mA,LOW,121 mA,MID,132 mA,L20241111-01,,1,ActuatorContoller3CH-v01010100.hex
2024-11-15 14:22:31,F4CE363A55FEEDC5,Actuator Controller 3CH,GOOD,1500,20,1500,20,1500,20,15,4,3,99 mA,off,12 mA,1,116 mA,2,131 mA,L20241111-01,,0,ActuatorContoller3CH-v01010100.hex
2024-11-18 13:34:17,F4CE363B19C1049B,Actuator Controller 3CH,GOOD,1500,20,1500,20,1500,20,15,4,3,109 mA,off,12 mA,1,116 mA,2,129 mA,L20241111-01,,0,ActuatorContoller3CH-v01010100.hex
2024-11-15 11:37:09,F4CE363B1CEE75E3,Actuator Controller 3CH,GOOD,1500,20,1500,20,1500,20,15,4,3,111 mA,off,11 mA,1,128 mA,2,134 mA,L20241111-01,,0,ActuatorContoller3CH-v01010100.hex
2024-11-14 13:34:43,F4CE363B87DD6D06,Actuator Controller 3CH,GOOD,1500,20,1500,20,1500,20,15,4,HIGH,107 mA,OFF,9 mA,LOW,111 mA,MID,132 mA,L20241111-01,,0,ActuatorContoller3CH-v01010100.hex
2024-11-18 10:23:23,F4CE363C1B3E5C19,Actuator Controller 3CH,GOOD,1500,20,1500,20,1500,20,15,4,3,104 mA,off,12 mA,1,112 mA,2,134 mA,L20241111-01,,0,ActuatorContoller3CH-v01010100.hex
2024-11-18 14:39:44,F4CE363E95286818,Actuator Controller 3CH,GOOD,1500,20,1500,20,1500,20,15,4,3,107 mA,off,11 mA,1,115 mA,2,131 mA,L20241111-01,,0,ActuatorContoller3CH-v01010100.hex
2024-11-18 10:23:23,F4CE363EFB57CD45,Actuator Controller 3CH,GOOD,1500,20,1500,20,1500,20,15,4,3,107 mA,off,120mA,1,123 mA,2,131 mA,L20241111-01,,0,ActuatorContoller3CH-v01010100.hex
2024-11-14 13:34:43,F4CE363F6BE4EC4A,Actuator Controller 3CH,GOOD,1500,20,1500,20,1500,20,15,4,HIGH,106 mA,OFF,12 mA,LOW,126 mA,MID,131 mA,L20241111-01,,0,ActuatorContoller3CH-v01010100.hex
2024-11-18 14:23:17,F4CE36409163858A,Actuator Controller 3CH,GOOD,1500,20,1500,20,1500,20,15,4,3,108 mA,off,13 mA,1,114 mA,2,133 mA,L20241111-01,,0,ActuatorContoller3CH-v01010100.hex
2024-11-14 13:34:43,F4CE3640DCD69BAE,Actuator Controller 3CH,GOOD,1500,20,1500,20,1500,20,15,4,HIGH,102 mA,OFF,10 mA,LOW,115 mA,MID,130 mA,L20241111-01,,0,ActuatorContoller3CH-v01010100.hex
2024-11-15 14:22:31,F4CE364136CAC541,Actuator Controller 3CH,GOOD,1500,20,1500,20,1500,20,15,4,3,106 mA,off,11 mA,1,119 mA,2,132 mA,L20241111-01,,0,ActuatorContoller3CH-v01010100.hex
2024-11-18 14:23:17,F4CE3641FBAAB776,Actuator Controller 3CH,GOOD,1500,20,1500,20,1500,20,15,4,3,107 mA,off,11 mA,1,119 mA,2,130 mA,L20241111-01,,0,ActuatorContoller3CH-v01010100.hex
2024-11-15 14:22:31,F4CE3643EC90B14C,Actuator Controller 3CH,GOOD,1500,20,1500,20,1500,20,15,4,HIGH,107 mA,OFF,13 mA,LOW,116 mA,MID,133 mA,L20241111-01,,0,ActuatorContoller3CH-v01010100.hex
2024-11-14 13:34:43,F4CE3644D016835F,Actuator Controller 3CH,GOOD,1500,20,1500,20,1500,20,15,4,HIGH,107 mA,OFF,11 mA,LOW,122 mA,MID,131 mA,L20241111-01,,0,ActuatorContoller3CH-v01010100.hex
2024-11-15 12:58:55,F4CE3644D55F95D5,Actuator Controller 3CH,GOOD,1500,20,1500,20,1500,20,15,4,3,107 mA,off,11 mA,1,121 mA,2,127 mA,L20241111-01,,0,ActuatorContoller3CH-v01010100.hex
2024-11-14 13:34:43,F4CE36450F17C3F6,Actuator Controller 3CH,GOOD,1500,20,1500,20,1500,20,15,4,HIGH,102 mA,OFF,10 mA,LOW,110 mA,MID,127 mA,L20241111-01,,0,ActuatorContoller3CH-v01010100.hex
2024-11-15 12:17:24,F4CE3646D0B90391,Actuator Controller 3CH,GOOD,1500,20,1500,20,1500,20,15,4,3,100 mA,off,10 mA,1,123 mA,2,123 mA,L20241111-01,,0,ActuatorContoller3CH-v01010100.hex
2024-11-19 13:41:41,F4CE3646DD7DDE73,Actuator Controller 3CH,GOOD,1500,20,1500,20,1500,20,15,4,3,109 mA,off,11 mA,1,118 mA,2,131 mA,L20241111-01,,0,ActuatorContoller3CH-v01010100.hex
2024-11-19 10:53:23,F4CE3646ED03F54A,Actuator Controller 3CH,GOOD,1500,20,1500,20,1500,20,15,4,3,103 mA,off,13 mA,1,108 mA,2,133 mA,L20241111-01,,0,ActuatorContoller3CH-v01010100.hex
2024-11-15 09:49:18,F4CE364720F61745,Actuator Controller 3CH,GOOD,1500,20,1500,20,1500,20,15,4,3,103 mA,off,11 mA,1,123 mA,2,131 mA,L20241111-01,,0,ActuatorContoller3CH-v01010100.hex
2024-11-14 11:55:15,F4CE36478432BBDC,Actuator Controller 3CH,GOOD,1500,20,1500,20,1500,20,15,4,HIGH,106 mA,OFF,13 mA,LOW,117 mA,MID,130 mA,L20241111-01,,0,ActuatorContoller3CH-v01010100.hex
2024-11-14 13:34:43,F4CE36488230DA21,Actuator Controller 3CH,GOOD,1500,20,1500,20,1500,20,15,4,HIGH,106 mA,OFF,11 mA,LOW,119 mA,MID,131 mA,L20241111-01,,0,ActuatorContoller3CH-v01010100.hex
2024-11-18 14:39:44,F4CE3648C0FC0B64,Actuator Controller 3CH,GOOD,1500,20,1500,20,1500,20,15,4,3,109 mA,off,11 mA,1,116 mA,2,132 mA,L20241111-01,,0,ActuatorContoller3CH-v01010100.hex
2024-11-18 14:23:17,F4CE36494C8283C6,Actuator Controller 3CH,GOOD,1500,20,1500,20,1500,20,15,4,3,108 mA,off,13 mA,1,116 mA,2,134 mA,L20241111-01,,0,ActuatorContoller3CH-v01010100.hex
2024-11-14 11:55:15,F4CE3649FD1CB5F4,Actuator Controller 3CH,GOOD,1500,20,1500,20,1500,20,15,4,HIGH,112 mA,OFF,12 mA,LOW,111 mA,MID,131 mA,L20241111-01,,0,ActuatorContoller3CH-v01010100.hex
2024-11-18 10:23:23,F4CE364B77EBD203,Actuator Controller 3CH,GOOD,1500,20,1500,20,1500,20,15,4,3,107 mA,off,9 mA,1,114 mA,2,132 mA,L20241111-01,,0,ActuatorContoller3CH-v01010100.hex
2024-11-18 13:34:17,F4CE364BE5AA993A,Actuator Controller 3CH,GOOD,1500,20,1500,20,1500,20,15,4,3,107 mA,off,11 mA,1,115 mA,2,132 mA,L20241111-01,,0,ActuatorContoller3CH-v01010100.hex
2024-11-18 14:39:44,F4CE364C88A12755,Actuator Controller 3CH,GOOD,1500,20,1500,20,1500,20,15,4,3,110 mA,off,12 mA,1,124 mA,2,132 mA,L20241111-01,,0,ActuatorContoller3CH-v01010100.hex
2024-11-14 13:34:43,F4CE364CA459F7F3,Actuator Controller 3CH,GOOD,1500,20,1500,20,1500,20,15,4,HIGH,110 mA,OFF,10 mA,LOW,120 mA,MID,128 mA,L20241111-01,,0,ActuatorContoller3CH-v01010100.hex
2024-11-14 10:27:11,F4CE364CAA3803A0,Actuator Controller 3CH,GOOD,1500,20,1500,20,1500,20,15,4,HIGH,109 mA,OFF,11 mA,LOW,126 mA,MID,130 mA,L20241111-01,,0,ActuatorContoller3CH-v01010100.hex
2024-11-14 13:34:43,F4CE364F129B1F79,Actuator Controller 3CH,GOOD,1500,20,1500,20,1500,20,15,4,HIGH,98 mA,OFF,11 mA,LOW,105 mA,MID,128 mA,L20241111-01,,0,ActuatorContoller3CH-v01010100.hex
2024-11-18 14:39:44,F4CE364F365C72E6,Actuator Controller 3CH,GOOD,1500,20,1500,20,1500,20,15,4,3,107 mA,off,11 mA,1,119 mA,2,131 mA,L20241111-01,,0,ActuatorContoller3CH-v01010100.hex
2024-11-14 13:34:43,F4CE364FBE42374E,Actuator Controller 3CH,GOOD,1500,20,1500,20,1500,20,15,4,HIGH,100 mA,OFF,11 mA,LOW,106 mA,MID,128 mA,L20241111-01,,0,ActuatorContoller3CH-v01010100.hex
2024-11-15 14:22:31,F4CE365025B6915E,Actuator Controller 3CH,GOOD,1500,20,1500,20,1500,20,15,4,HIGH,106 mA,OFF,12 mA,LOW,119 mA,MID,133 mA,L20241111-01,,1,ActuatorContoller3CH-v01010100.hex
2024-11-18 10:23:23,F4CE3650511E8859,Actuator Controller 3CH,GOOD,1500,20,1500,20,1500,20,15,4,3,107 mA,off,12 mA,1,114 mA,2,126 mA,L20241111-01,,0,ActuatorContoller3CH-v01010100.hex
2024-11-14 13:34:43,F4CE365065C5DC60,Actuator Controller 3CH,GOOD,1500,20,1500,20,1500,20,15,4,HIGH,110 mA,OFF,13 mA,LOW,122 mA,MID,132 mA,L20241111-01,,0,ActuatorContoller3CH-v01010100.hex
2024-11-19 10:53:23,F4CE3651C2C54C54,Actuator Controller 3CH,GOOD,1500,20,1500,20,1500,20,15,4,3,106 mA,off,11 mA,1,123 mA,2,131 mA,L20241111-01,,0,ActuatorContoller3CH-v01010100.hex
2024-11-14 13:34:43,F4CE36532FD43EAF,Actuator Controller 3CH,GOOD,1500,20,1500,20,1500,20,15,4,HIGH,106 mA,OFF,12 mA,LOW,124 mA,MID,131 mA,L20241111-01,,0,ActuatorContoller3CH-v01010100.hex
2024-11-19 10:53:23,F4CE365353535DA8,Actuator Controller 3CH,GOOD,1500,20,1500,20,1500,20,15,4,3,111 mA,off,13 mA,1,124 mA,2,131 mA,L20241111-01,,0,ActuatorContoller3CH-v01010100.hex
2024-11-18 10:23:23,F4CE36536A0CA877,Actuator Controller 3CH,GOOD,1500,20,1500,20,1500,20,15,4,3,100 mA,off,10 mA,1,113 mA,2,132 mA,L20241111-01,,0,ActuatorContoller3CH-v01010100.hex
2024-11-18 14:39:44,F4CE365485239C8C,Actuator Controller 3CH,GOOD,1500,20,1500,20,1500,20,15,4,3,106 mA,off,12 mA,1,114 mA,2,133 mA,L20241111-01,,0,ActuatorContoller3CH-v01010100.hex
2024-11-15 14:22:31,F4CE3654D4C37E19,Actuator Controller 3CH,GOOD,1500,20,1500,20,1500,20,15,4,HIGH,101 mA,OFF,11 mA,LOW,120 mA,MID,132 mA,L20241111-01,,0,ActuatorContoller3CH-v01010100.hex
2024-11-19 10:53:23,F4CE3655ACE40CE9,Actuator Controller 3CH,GOOD,1500,20,1500,20,1500,20,15,4,3,107 mA,off,10 mA,1,118 mA,2,130 mA,L20241111-01,,0,ActuatorContoller3CH-v01010100.hex
2024-11-19 10:53:23,F4CE36564C198726,Actuator Controller 3CH,GOOD,1500,20,1500,20,1500,20,15,4,3,106 mA,off,12 mA,1,120 mA,2,130 mA,L20241111-01,,0,ActuatorContoller3CH-v01010100.hex
2024-11-19 10:53:23,F4CE3656EE42B150,Actuator Controller 3CH,GOOD,1500,20,1500,20,1500,20,15,4,3,108 mA,off,11 mA,1,126 mA,2,132 mA,L20241111-01,,0,ActuatorContoller3CH-v01010100.hex
2024-11-19 10:53:23,F4CE365705626CD7,Actuator Controller 3CH,GOOD,1500,20,1500,20,1500,20,15,4,3,110 mA,off,12 mA,1,125 mA,2,132 mA,L20241111-01,,0,ActuatorContoller3CH-v01010100.hex
2024-11-18 10:23:23,F4CE365790B10F59,Actuator Controller 3CH,GOOD,1500,20,1500,20,1500,20,15,4,3,105 mA,off,10 mA,1,110 mA,2,132 mA,L20241111-01,,0,ActuatorContoller3CH-v01010100.hex
2024-11-18 14:23:17,F4CE3657BAD5F498,Actuator Controller 3CH,GOOD,1500,20,1500,20,1500,20,15,4,3,104 mA,off,10 mA,1,111 mA,2,132 mA,L20241111-01,,0,ActuatorContoller3CH-v01010100.hex
2024-11-15 14:22:31,F4CE36580390087F,Actuator Controller 3CH,GOOD,1500,20,1500,20,1500,20,15,4,3,109 mA,off,12 mA,1,129 mA,2,136 mA,L20241111-01,,0,ActuatorContoller3CH-v01010100.hex
2024-11-14 13:34:43,F4CE365A2BD4BAA5,Actuator Controller 3CH,GOOD,1500,20,1500,20,1500,20,15,4,HIGH,108 mA,OFF,11 mA,LOW,112 mA,MID,131 mA,L20241111-01,,0,ActuatorContoller3CH-v01010100.hex
2024-11-19 10:53:23,F4CE365ACFAD3FBD,Actuator Controller 3CH,GOOD,1500,20,1500,20,1500,20,15,4,3,107 mA,off,11 mA,1,120 mA,2,130 mA,L20241111-01,,0,ActuatorContoller3CH-v01010100.hex
2024-11-15 12:58:55,F4CE365DE84AD5E4,Actuator Controller 3CH,GOOD,1500,20,1500,20,1500,20,15,4,3,106 mA,off,12 mA,1,112 mA,2,131 mA,L20241111-01,,0,ActuatorContoller3CH-v01010100.hex
2024-11-18 14:39:44,F4CE365E8EE9EB25,Actuator Controller 3CH,GOOD,1500,20,1500,20,1500,20,15,4,3,108 mA,off,10 mA,1,125 mA,2,130 mA,L20241111-01,,0,ActuatorContoller3CH-v01010100.hex
2024-11-18 10:23:23,F4CE36604C91BB3B,Actuator Controller 3CH,GOOD,1500,20,1500,20,1500,20,15,4,3,106 mA,off,13 mA,1,116 mA,2,131 mA,L20241111-01,,0,ActuatorContoller3CH-v01010100.hex
2024-11-15 14:22:31,F4CE366064D7848B,Actuator Controller 3CH,GOOD,1500,20,1500,20,1500,20,15,4,3,104 mA,off,11 mA,1,131 mA,2,131 mA,L20241111-01,,0,ActuatorContoller3CH-v01010100.hex
2024-11-15 14:22:31,F4CE3662D33AA4CC,Actuator Controller 3CH,GOOD,1500,20,1500,20,1500,20,15,4,3,12 mA,off,10 mA,1,134 mA,2,131 mA,L20241111-01,,1,ActuatorContoller3CH-v01010100.hex
2024-11-15 12:58:55,F4CE366317982BF7,Actuator Controller 3CH,GOOD,1500,20,1500,20,1500,20,15,4,3,107 mA,off,11 mA,1,127 mA,2,126 mA,L20241111-01,,0,ActuatorContoller3CH-v01010100.hex
2024-11-15 14:22:31,F4CE366321463568,Actuator Controller 3CH,GOOD,1500,20,1500,20,1500,20,15,4,HIGH,104 mA,OFF,12 mA,LOW,115 mA,MID,134 mA,L20241111-01,,0,ActuatorContoller3CH-v01010100.hex
2024-11-15 09:49:18,F4CE36636961B330,Actuator Controller 3CH,GOOD,1500,20,1500,20,1500,20,15,4,3,110 mA,off,13 mA,1,122 mA,2,132 mA,L20241111-01,,0,ActuatorContoller3CH-v01010100.hex
2024-11-19 10:53:23,F4CE366468943036,Actuator Controller 3CH,GOOD,1500,20,1500,20,1500,20,15,4,3,109 mA,off,11 mA,1,121 mA,2,133 mA,L20241111-01,,0,ActuatorContoller3CH-v01010100.hex
2024-11-14 13:34:43,F4CE36648DC51EE9,Actuator Controller 3CH,GOOD,1500,20,1500,20,1500,20,15,4,HIGH,105 mA,OFF,11 mA,LOW,126 mA,MID,133 mA,L20241111-01,,1,ActuatorContoller3CH-v01010100.hex
2024-11-14 13:34:43,F4CE3665EB1231DF,Actuator Controller 3CH,GOOD,1500,20,1500,20,1500,20,15,4,HIGH,108 mA,OFF,12 mA,LOW,120 mA,MID,129 mA,L20241111-01,,0,ActuatorContoller3CH-v01010100.hex
2024-11-14 11:55:15,F4CE3665FEF00F75,Actuator Controller 3CH,GOOD,1500,20,1500,20,1500,20,15,4,HIGH,107 mA,OFF,10 mA,LOW,124 mA,MID,131 mA,L20241111-01,,0,ActuatorContoller3CH-v01010100.hex
2024-11-18 10:23:23,F4CE3666AC331B88,Actuator Controller 3CH,GOOD,1500,20,1500,20,1500,20,15,4,3,106 mA,off,13 mA,1,115 mA,2,132 mA,L20241111-01,,0,ActuatorContoller3CH-v01010100.hex
2024-11-18 13:34:17,F4CE3666D2019F1C,Actuator Controller 3CH,GOOD,1500,20,1500,20,1500,20,15,4,3,103 mA,off,11 mA,1,120 mA,2,132 mA,L20241111-01,,0,ActuatorContoller3CH-v01010100.hex
2024-11-15 11:08:45,F4CE36670366BD97,Actuator Controller 3CH,GOOD,1500,20,1500,20,1500,20,15,4,3,112 mA,off,11 mA,1,126 mA,2,133 mA,L20241111-01,,0,ActuatorContoller3CH-v01010100.hex
2024-11-19 10:53:23,F4CE366848B06B80,Actuator Controller 3CH,GOOD,1500,20,1500,20,1500,20,15,4,3,110 mA,off,11 mA,1,126 mA,2,131 mA,L20241111-01,,0,ActuatorContoller3CH-v01010100.hex
2024-11-14 13:34:43,F4CE366941CA83E7,Actuator Controller 3CH,GOOD,1500,20,1500,20,1500,20,15,4,HIGH,105 mA,OFF,13 mA,LOW,113 mA-,MID,132 mA,L20241111-01,,0,ActuatorContoller3CH-v01010100.hex
2024-11-14 13:34:43,F4CE3669497345C6,Actuator Controller 3CH,GOOD,1500,20,1500,20,1500,20,15,4,HIGH,107 mA,OFF,11 mA,LOW,118 mA,MID,129 mA,L20241111-01,,0,ActuatorContoller3CH-v01010100.hex
2024-11-14 13:34:43,F4CE366AE5FBCCCE,Actuator Controller 3CH,GOOD,1500,20,1500,20,1500,20,15,4,HIGH,109 mA,OFF,12 mA,LOW,123 mA,MID,127 mA,L20241111-01,,1,ActuatorContoller3CH-v01010100.hex
2024-11-15 12:58:55,F4CE366B3D904988,Actuator Controller 3CH,GOOD,1500,20,1500,20,1500,20,15,4,3,105 mA,off,11 mA,1,118 mA,2,122 mA,L20241111-01,,0,ActuatorContoller3CH-v01010100.hex
2024-11-15 14:22:31,F4CE366BA4FDDFA8,Actuator Controller 3CH,GOOD,1500,20,1500,20,1500,20,15,4,3,104 mA,off,11 mA,1,120 mA,2,131 mA,L20241111-01,,0,ActuatorContoller3CH-v01010100.hex
2024-11-14 13:34:43,F4CE366C6E3DF5AA,Actuator Controller 3CH,GOOD,1500,20,1500,20,1500,20,15,4,HIGH,108 mA,OFF,9 mA,LOW,122 mA,MID,131 mA,L20241111-01,,1,ActuatorContoller3CH-v01010100.hex
2024-11-19 10:53:23,F4CE366D1B5BC8D3,Actuator Controller 3CH,GOOD,1500,20,1500,20,1500,20,15,4,3,107 mA,off,13 mA,1,123 mA,2,132 mA,L20241111-01,,0,ActuatorContoller3CH-v01010100.hex
2024-11-19 10:53:23,F4CE366D3935D92C,Actuator Controller 3CH,GOOD,1500,20,1500,20,1500,20,15,4,3,110 mA,off,12 mA,1,126 mA,2,133 mA,L20241111-01,,0,ActuatorContoller3CH-v01010100.hex
2024-11-14 10:27:11,F4CE366D7740F958,Actuator Controller 3CH,GOOD,1500,20,1500,20,1500,20,15,4,HIGH,106 mA,OFF,11 mA,LOW,123 mA,MID,130 mA,L20241111-01,,1,ActuatorContoller3CH-v01010100.hex
2024-11-14 13:34:43,F4CE366DF3E5291B,Actuator Controller 3CH,GOOD,1500,20,1500,20,1500,20,15,4,HIGH,106 mA,OFF,13 mA,LOW,112 mA,MID,130 mA,L20241111-01,,0,ActuatorContoller3CH-v01010100.hex
2024-11-19 10:53:23,F4CE366E612D80C4,Actuator Controller 3CH,GOOD,1500,20,1500,20,1500,20,15,4,3,110 mA,off,10 mA,1,131 mA,2,132 mA,L20241111-01,,0,ActuatorContoller3CH-v01010100.hex
2024-11-18 10:23:23,F4CE366F096D7992,Actuator Controller 3CH,GOOD,1500,20,1500,20,1500,20,15,4,3,103 mA,off,9 mA,1,115 mA,2,130 mA,L20241111-01,,0,ActuatorContoller3CH-v01010100.hex
2024-11-15 09:49:18,F4CE366F0B658EDA,Actuator Controller 3CH,GOOD,1500,20,1500,20,1500,20,15,4,3,105 mA,off,11 mA,1,110 mA,2,128 mA,L20241111-01,,0,ActuatorContoller3CH-v01010100.hex
2024-11-18 14:39:44,F4CE366F143804B4,Actuator Controller 3CH,GOOD,1500,20,1500,20,1500,20,15,4,3,103 mA,off,"10 mA-",1,115 mA,2,135 mA,L20241111-01,,0,ActuatorContoller3CH-v01010100.hex
2024-11-15 12:58:55,F4CE366F1E86E6F2,Actuator Controller 3CH,GOOD,1500,20,1500,20,1500,20,15,4,3,106 mA,off,11 mA,1,119 mA,2,131 mA,L20241111-01,,0,ActuatorContoller3CH-v01010100.hex
2024-11-18 10:23:23,F4CE367258C6A0D8,Actuator Controller 3CH,GOOD,1500,20,1500,20,1500,20,15,4,3,102 mA,off,12 mA,1,111 mA,2,125 mA,L20241111-01,,0,ActuatorContoller3CH-v01010100.hex
2024-11-18 10:23:23,F4CE3673084E76C1,Actuator Controller 3CH,GOOD,1500,20,1500,20,1500,20,15,4,3,106 mA,off,12 mA,1,114 mA,2,132 mA,L20241111-01,,0,ActuatorContoller3CH-v01010100.hex
2024-11-19 10:53:23,F4CE367350FE915D,Actuator Controller 3CH,GOOD,1500,20,1500,20,1500,20,15,4,3,104 mA,off,9 mA,1,111 mA,2,129 mA,L20241111-01,,0,ActuatorContoller3CH-v01010100.hex
2024-11-15 09:49:18,F4CE3674D4A44DB0,Actuator Controller 3CH,GOOD,1500,20,1500,20,1500,20,15,4,3,109 mA,off,10 mA,1,128 mA,2,132 mA,L20241111-01,,0,ActuatorContoller3CH-v01010100.hex
2024-11-15 12:17:24,F4CE3675963006FB,Actuator Controller 3CH,GOOD,1500,20,1500,20,1500,20,15,4,3,109 mA,off,11 mA,1,123 mA,2,132 mA,L20241111-01,,0,ActuatorContoller3CH-v01010100.hex
2024-11-18 14:39:44,F4CE3676F47031E0,Actuator Controller 3CH,GOOD,1500,20,1500,20,1500,20,15,4,3,108 mA,off,13 mA,1,115 mA,2,124 mA,L20241111-01,,0,ActuatorContoller3CH-v01010100.hex
2024-11-14 10:27:11,F4CE36780ECDE643,Actuator Controller 3CH,GOOD,1500,20,1500,20,1500,20,15,4,HIGH,109 mA,OFF,11 mA,LOW,119 mA,MID,131 mA,L20241111-01,,1,ActuatorContoller3CH-v01010100.hex
2024-11-18 10:23:23,F4CE367815AF88FA,Actuator Controller 3CH,GOOD,1500,20,1500,20,1500,20,15,4,3,103 mA,off,11 mA,1,106 mA,2,133 mA,L20241111-01,,0,ActuatorContoller3CH-v01010100.hex
2024-11-14 13:34:43,F4CE3678613B2B9F,Actuator Controller 3CH,GOOD,1500,20,1500,20,1500,20,15,4,HIGH,109 mA,OFF,11 mA,LOW,132 mA,MID,129 mA,L20241111-01,,1,ActuatorContoller3CH-v01010100.hex
2024-11-18 13:34:17,F4CE367932014602,Actuator Controller 3CH,GOOD,1500,20,1500,20,1500,20,15,4,3,106 mA,off,12 mA,1,110 mA,2,132 mA,L20241111-01,,0,ActuatorContoller3CH-v01010100.hex
2024-11-18 13:34:17,F4CE36793AC52373,Actuator Controller 3CH,GOOD,1500,20,1500,20,1500,20,15,4,3,102 mA,off,11 mA,1,108 mA,2,131 mA,L20241111-01,,0,ActuatorContoller3CH-v01010100.hex
2024-11-14 11:55:15,F4CE3679A1088286,Actuator Controller 3CH,GOOD,1500,20,1500,20,1500,20,15,4,HIGH,106 mA,OFF,11 mA,LOW,121 mA,MID,130 mA,L20241111-01,,0,ActuatorContoller3CH-v01010100.hex
2024-11-15 14:22:31,F4CE367A06E98A5C,Actuator Controller 3CH,GOOD,1500,20,1500,20,1500,20,15,4,3,101 mA,off,11 mA,1,117 mA,2,135 mA,L20241111-01,,0,ActuatorContoller3CH-v01010100.hex
2024-11-18 14:39:44,F4CE367A12789544,Actuator Controller 3CH,GOOD,1500,20,1500,20,1500,20,15,4,3,104 mA,off,12 mA,1,119 mA,2,130 mA,L20241111-01,,0,ActuatorContoller3CH-v01010100.hex
2024-11-14 13:34:43,F4CE367B1312E860,Actuator Controller 3CH,GOOD,1500,20,1500,20,1500,20,15,4,HIGH,100 mA,OFF,11 mA,LOW,111 mA,MID,130 mA,L20241111-01,,1,ActuatorContoller3CH-v01010100.hex
2024-11-18 14:39:44,F4CE367BA4663DEC,Actuator Controller 3CH,GOOD,1500,20,1500,20,1500,20,15,4,3,106 mA,off,11 mA,1,115 mA,2,133 mA,L20241111-01,,0,ActuatorContoller3CH-v01010100.hex
2024-11-18 10:23:23,F4CE367C45849046,Actuator Controller 3CH,GOOD,1500,20,1500,20,1500,20,15,4,3,106 mA,off,12 mA,1,117 mA,2,130 mA,L20241111-01,,0,ActuatorContoller3CH-v01010100.hex
2024-11-19 12:29:43,F4CE367D4F8EB684,Actuator Controller 3CH,GOOD,1500,20,1500,20,1500,20,15,4,3,106 mA,off,12 mA,1,124 mA,2,133 mA,L20241111-01,,0,ActuatorContoller3CH-v01010100.hex
2024-11-15 12:58:55,F4CE367E5B58E0B7,Actuator Controller 3CH,GOOD,1500,20,1500,20,1500,20,15,4,HIGH,94 mA,OFF,12 mA,LOW,115 mA,MID,132 mA,L20241111-01,,1,ActuatorContoller3CH-v01010100.hex
2024-11-15 14:22:31,F4CE367EEB25A62B,Actuator Controller 3CH,GOOD,1500,20,1500,20,1500,20,15,4,3,109 mA,off,12 mA,1,126 mA,2,134 mA,L20241111-01,,1,ActuatorContoller3CH-v01010100.hex
2024-11-18 14:39:44,F4CE36802D1406D8,Actuator Controller 3CH,GOOD,1500,20,1500,20,1500,20,15,4,3,110 mA,off,12 mA,1,132 mA,3,95 mA,L20241111-01,,0,ActuatorContoller3CH-v01010100.hex
2024-11-15 12:58:55,F4CE368048FEEC81,Actuator Controller 3CH,GOOD,1500,20,1500,20,1500,20,15,4,3,100 mA,off,12 mA,1,126 mA,2,132 mA,L20241111-01,,0,ActuatorContoller3CH-v01010100.hex
2024-11-14 13:34:43,F4CE36808A4D51F0,Actuator Controller 3CH,GOOD,1500,20,1500,20,1500,20,15,4,HIGH,109 mA,OFF,10 mA,LOW,114 mA,MID,125 mA,L20241111-01,,1,ActuatorContoller3CH-v01010100.hex
2024-11-18 10:23:23,F4CE368232038657,Actuator Controller 3CH,GOOD,1500,20,1500,20,1500,20,15,4,3,106 mA,off,12 mA,1,115 mA,2,132 mA,L20241111-01,,0,ActuatorContoller3CH-v01010100.hex
2024-11-15 11:37:09,F4CE3683393C4C81,Actuator Controller 3CH,GOOD,1500,20,1500,20,1500,20,15,4,3,107 mA,off,11 mA,1,123 mA,2,13 mA,L20241111-01,,0,ActuatorContoller3CH-v01010100.hex
2024-11-14 13:34:43,F4CE3683807A570D,Actuator Controller 3CH,GOOD,1500,20,1500,20,1500,20,15,4,HIGH,105 mA,OFF,11 mA,LOW,114 mA,MID,128 mA,L20241111-01,,0,ActuatorContoller3CH-v01010100.hex
2024-11-19 10:53:23,F4CE3683A97D750E,Actuator Controller 3CH,GOOD,1500,20,1500,20,1500,20,15,4,3,112 mA,off,10 mA,1,128 mA,2,132 mA,L20241111-01,,0,ActuatorContoller3CH-v01010100.hex
2024-11-14 10:27:11,F4CE3683D376DD65,Actuator Controller 3CH,GOOD,1500,20,1500,20,1500,20,15,4,HIGH,106 mA,OFF,11 mA,LOW,116 mA,MID,130 mA,L20241111-01,,1,ActuatorContoller3CH-v01010100.hex
2024-11-15 14:22:31,F4CE3683EA0681C3,Actuator Controller 3CH,GOOD,1500,20,1500,20,1500,20,15,4,3,108 mA,off,12 mA,1,131 mA,2,133 mA,L20241111-01,,0,ActuatorContoller3CH-v01010100.hex
2024-11-14 13:34:43,F4CE368584D19D52,Actuator Controller 3CH,GOOD,1500,20,1500,20,1500,20,15,4,HIGH,108 mA,OFF,12 mA,LOW,126 mA,MID,132 mA,L20241111-01,,1,ActuatorContoller3CH-v01010100.hex
2024-11-14 13:34:43,F4CE3686322234F1,Actuator Controller 3CH,GOOD,1500,20,1500,20,1500,20,15,4,HIGH,106 mA,OFF,11 mA,LOW,122 mA,MID,130 mA,L20241111-01,,0,ActuatorContoller3CH-v01010100.hex
2024-11-14 13:34:43,F4CE368676CE185E,Actuator Controller 3CH,GOOD,1500,20,1500,20,1500,20,15,4,HIGH,109 mA,OFF,10 mA,LOW,116 mA,MID,129 mA,L20241111-01,,1,ActuatorContoller3CH-v01010100.hex
2024-11-18 14:39:44,F4CE36879C37E663,Actuator Controller 3CH,GOOD,1500,20,1500,20,1500,20,15,4,HIGH,103 mA,OFF,12 mA,LOW,114 mA,MID,131 mA,L20241111-01,,0,ActuatorContoller3CH-v01010100.hex
2024-11-19 10:53:23,F4CE3687F9A8B1DD,Actuator Controller 3CH,GOOD,1500,20,1500,20,1500,20,15,4,3,97 mA,off,10 mA,1,109 mA,2,133 mA,L20241111-01,,0,ActuatorContoller3CH-v01010100.hex
2024-11-14 13:34:43,F4CE3688428BF80A,Actuator Controller 3CH,GOOD,1500,20,1500,20,1500,20,15,4,HIGH,107 mA,OFF,11 mA,LOW,116 mA,MID,129 mA,L20241111-01,,1,ActuatorContoller3CH-v01010100.hex
2024-11-15 14:22:31,F4CE36884725F472,Actuator Controller 3CH,GOOD,1500,20,1500,20,1500,20,15,4,HIGH,103 mA,OFF,12 mA,LOW,115 mA,MID,133 mA,L20241111-01,,1,ActuatorContoller3CH-v01010100.hex
2024-11-14 13:34:43,F4CE3689DB4D03E0,Actuator Controller 3CH,GOOD,1500,20,1500,20,1500,20,15,4,HIGH,106 mA,OFF,12 mA,LOW,121 mA,MID,129 mA,L20241111-01,,0,ActuatorContoller3CH-v01010100.hex
2024-11-14 13:34:43,F4CE368AAA0AE268,Actuator Controller 3CH,GOOD,1500,20,1500,20,1500,20,15,4,HIGH,105 mA,OFF,11 mA,LOW,121 mA,MID,128 mA,L20241111-01,,1,ActuatorContoller3CH-v01010100.hex
2024-11-14 13:34:43,F4CE368AE32B583D,Actuator Controller 3CH,GOOD,1500,20,1500,20,1500,20,15,4,HIGH,98 mA,OFF,11 mA,LOW,111 mA,MID,131 mA,L20241111-01,,1,ActuatorContoller3CH-v01010100.hex
2024-11-18 10:23:23,F4CE368CC14547D9,Actuator Controller 3CH,GOOD,1500,20,1500,20,1500,20,15,4,3,103 mA,off,11 mA,1,113 mA,2,134 mA,L20241111-01,,0,ActuatorContoller3CH-v01010100.hex
2024-11-14 13:34:43,F4CE368DB9A3AC89,Actuator Controller 3CH,GOOD,1500,20,1500,20,1500,20,15,4,HIGH,150 mA,OFF,11 mA,LOW,124 mA,MID,133 mA,L20241111-01,,0,ActuatorContoller3CH-v01010100.hex
2024-11-15 14:22:31,F4CE368DCD4C373D,Actuator Controller 3CH,GOOD,1500,20,1500,20,1500,20,15,4,3,105 mA,off,10 mA,1,119 mA,2,130 mA,L20241111-01,,1,ActuatorContoller3CH-v01010100.hex
2024-11-18 10:23:23,F4CE368ED54563DC,Actuator Controller 3CH,GOOD,1500,20,1500,20,1500,20,15,4,3,105 mA,off,10 mA,1,112 mA,2,132 mA,L20241111-01,,0,ActuatorContoller3CH-v01010100.hex
2024-11-18 13:34:17,F4CE368F6E9006C2,Actuator Controller 3CH,GOOD,1500,20,1500,20,1500,20,15,4,3,106 mA,off,11 mA,1,119 mA,2,132 mA,L20241111-01,,0,ActuatorContoller3CH-v01010100.hex
2024-11-15 14:22:31,F4CE36901F537E60,Actuator Controller 3CH,GOOD,1500,20,1500,20,1500,20,15,4,3,109 mA,off,13 mA,1,122 mA,2,133 mA,L20241111-01,,1,ActuatorContoller3CH-v01010100.hex
2024-11-14 13:34:43,F4CE3690D8E65AA0,Actuator Controller 3CH,GOOD,1500,20,1500,20,1500,20,15,4,HIGH,105 mA,OFF,12 mA,LOW,106 mA,MID,129 mA,L20241111-01,,1,ActuatorContoller3CH-v01010100.hex
2024-11-14 11:55:15,F4CE36926E714598,Actuator Controller 3CH,GOOD,1500,20,1500,20,1500,20,15,4,HIGH,103 mA,OFF,13 mA,LOW,120 mA,MID,132 mA,L20241111-01,,0,ActuatorContoller3CH-v01010100.hex
2024-11-19 10:53:23,F4CE36929207CB7C,Actuator Controller 3CH,GOOD,1500,20,1500,20,1500,20,15,4,3,105 mA,off,11 mA,1,130 mA,2,131 mA,L20241111-01,,0,ActuatorContoller3CH-v01010100.hex
2024-11-15 12:58:55,F4CE3692DA6F7F44,Actuator Controller 3CH,GOOD,1500,20,1500,20,1500,20,15,4,3,106 mA,off,12 mA,1,119 mA,2,126 mA,L20241111-01,,1,ActuatorContoller3CH-v01010100.hex
2024-11-18 10:23:23,F4CE36935941E8F1,Actuator Controller 3CH,GOOD,1500,20,1500,20,1500,20,15,4,3,107 mA,off,12 mA,1,118 mA,2,134 mA,L20241111-01,,0,ActuatorContoller3CH-v01010100.hex
2024-11-19 10:53:23,F4CE3693614AE1BD,Actuator Controller 3CH,GOOD,1500,20,1500,20,1500,20,15,4,3,111 mA,off,11 mA,1,131 mA,2,132 mA,L20241111-01,,0,ActuatorContoller3CH-v01010100.hex
2024-11-19 10:53:23,F4CE3693B2879983,Actuator Controller 3CH,GOOD,1500,20,1500,20,1500,20,15,4,3,96 mA,off,11 mA,1,116 mA,2,131 mA,L20241111-01,,0,ActuatorContoller3CH-v01010100.hex
2024-11-14 13:34:43,F4CE3693CA5954E5,Actuator Controller 3CH,GOOD,1500,20,1500,20,1500,20,15,4,HIGH,109 mA,OFF,11 mA,LOW,136 mA,MID,133 mA,L20241111-01,,0,ActuatorContoller3CH-v01010100.hex
2024-11-19 13:41:41,F4CE36960AA94660,Actuator Controller 3CH,GOOD,1500,20,1500,20,1500,20,15,4,HIGH,10 mA,OFF,11 mA,LOW,10 mA,MID,12 mA,L20241111-01,,1,ActuatorContoller3CH-v01010100.hex
2024-11-14 13:34:43,F4CE369723FDDD24,Actuator Controller 3CH,GOOD,1500,20,1500,20,1500,20,15,4,HIGH,106 mA,OFF,11 mA,LOW,124 mA,MID,130 mA,L20241111-01,,1,ActuatorContoller3CH-v01010100.hex
2024-11-14 11:55:15,F4CE369864082376,Actuator Controller 3CH,GOOD,1500,20,1500,20,1500,20,15,4,HIGH,106 mA,OFF,11 mA,LOW,117 mA,MID,130 mA,L20241111-01,,1,ActuatorContoller3CH-v01010100.hex
2024-11-14 13:34:43,F4CE36986ECEFC1B,Actuator Controller 3CH,GOOD,1500,20,1500,20,1500,20,15,4,HIGH,110 mA,OFF,11 mA,LOW,123 mA,MID,132 mA,L20241111-01,,0,ActuatorContoller3CH-v01010100.hex
2024-11-18 14:23:17,F4CE3699B945F280,Actuator Controller 3CH,GOOD,1500,20,1500,20,1500,20,15,4,3,108 mA,off,10 mA,1,118 mA,2,132 mA,L20241111-01,,0,ActuatorContoller3CH-v01010100.hex
2024-11-14 13:34:43,F4CE3699F25B0D36,Actuator Controller 3CH,GOOD,1500,20,1500,20,1500,20,15,4,HIGH,105 mA,OFF,11 mA,LOW,112 mA,MID,129 mA,L20241111-01,,0,ActuatorContoller3CH-v01010100.hex
2024-11-14 13:34:43,F4CE369A07AC7FE4,Actuator Controller 3CH,GOOD,1500,20,1500,20,1500,20,15,4,HIGH,107 mA,OFF,119 mA,LOW,130 mA,MID,86 mA,L20241111-01,,0,ActuatorContoller3CH-v01010100.hex
2024-11-18 14:39:44,F4CE369A4B5828A0,Actuator Controller 3CH,GOOD,1500,20,1500,20,1500,20,15,4,3,108 mA,off,12 mA,1,115 mA,2,134 mA,L20241111-01,,0,ActuatorContoller3CH-v01010100.hex
2024-11-14 13:34:43,F4CE369A96D7482A,Actuator Controller 3CH,GOOD,1500,20,1500,20,1500,20,15,4,HIGH,107 mA,OFF,11 mA,LOW,126 mA,MID,130 mA,L20241111-01,,1,ActuatorContoller3CH-v01010100.hex
2024-11-14 13:34:43,F4CE369B28F1CBA0,Actuator Controller 3CH,GOOD,1500,20,1500,20,1500,20,15,4,HIGH,106 mA,OFF,12 mA,LOW,111 mA,MID,129 mA,L20241111-01,,0,ActuatorContoller3CH-v01010100.hex
2024-11-18 13:34:17,F4CE369B669F13E9,Actuator Controller 3CH,GOOD,1500,20,1500,20,1500,20,15,4,3,107 mA,off,10 mA,1,115 mA,2,128 mA,L20241111-01,,0,ActuatorContoller3CH-v01010100.hex
2024-11-15 14:22:31,F4CE369DD20C9F45,Actuator Controller 3CH,GOOD,1500,20,1500,20,1500,20,15,4,3,100 mA,off,13 mA,1,115 mA,2,133 mA,L20241111-01,,0,ActuatorContoller3CH-v01010100.hex
2024-11-18 14:23:17,F4CE369E11BED551,Actuator Controller 3CH,GOOD,1500,20,1500,20,1500,20,15,4,3,106 mA,off,11 mA,1,118 mA,2,125 mA,L20241111-01,,0,ActuatorContoller3CH-v01010100.hex
2024-11-14 10:27:11,F4CE369E4D95E354,Actuator Controller 3CH,GOOD,1500,20,1500,20,1500,20,15,4,HIGH,107 mA,OFF,13 mA,LOW,123 mA,MID,133 mA,L20241111-01,,1,ActuatorContoller3CH-v01010100.hex
2024-11-14 13:34:43,F4CE369F4A091BDE,Actuator Controller 3CH,GOOD,1500,20,1500,20,1500,20,15,4,HIGH,106 mA,OFF,11 mA,LOW,125 mA,MID,129 mA,L20241111-01,,0,ActuatorContoller3CH-v01010100.hex
2024-11-14 10:27:11,F4CE36A048B4D8AB,Actuator Controller 3CH,GOOD,1500,20,1500,20,1500,20,15,4,HIGH,109 mA,OFF,11 mA,LOW,117 mA,MID,133 mA,L20241111-01,,0,ActuatorContoller3CH-v01010100.hex
2024-11-14 13:34:43,F4CE36A2FED347C0,Actuator Controller 3CH,GOOD,1500,20,1500,20,1500,20,15,4,HIGH,107 mA,OFF,11 mA,LOW,115 mA,MID,131 mA,L20241111-01,,0,ActuatorContoller3CH-v01010100.hex
2024-11-15 12:17:24,F4CE36A31CDCDEE8,Actuator Controller 3CH,GOOD,1500,20,1500,20,1500,20,15,4,3,109 mA,off,14 mA,1,132 mA,2,133 mA,L20241111-01,,0,ActuatorContoller3CH-v01010100.hex
2024-11-15 11:37:09,F4CE36A433A60730,Actuator Controller 3CH,GOOD,1500,20,1500,20,1500,20,15,4,3,109 mA,off,12 mA,1,130 mA,2,136 mA,L20241111-01,,0,ActuatorContoller3CH-v01010100.hex
2024-11-14 13:34:43,F4CE36A444020F3F,Actuator Controller 3CH,GOOD,1500,20,1500,20,1500,20,15,4,HIGH,109 mA,OFF,11 mA,LOW,122 mA,MID,130 mA,L20241111-01,,0,ActuatorContoller3CH-v01010100.hex
2024-11-15 12:58:55,F4CE36A55AFAB809,Actuator Controller 3CH,GOOD,1500,20,1500,20,1500,20,15,4,3,100 mA,off,12 mA,1,116 mA,2,134 mA,L20241111-01,,0,ActuatorContoller3CH-v01010100.hex
2024-11-20 17:07:17,F4CE36A6E6160E70,Sensor Controller,GOOD,20,0,82,35,33,16,2300,300,,,,,,,,,L20241111-01,,1,SensorController_NRF52840_v1.1.1.hex
2024-11-20 16:46:46,F4CE36A746CEC282,Sensor Controller,GOOD,20,0,82,35,33,16,2300,300,,,,,,,,,L20241111-01,,1,SensorController_NRF52840_v1.1.1.hex
2024-11-14 13:34:43,F4CE36A8B1883C24,Actuator Controller 3CH,GOOD,1500,20,1500,20,1500,20,15,4,HIGH,111 mA,OFF,11 mA,LOW,126 mA,MID,129 mA,L20241111-01,,0,ActuatorContoller3CH-v01010100.hex
2024-11-14 13:34:43,F4CE36AAB6C98BEC,Actuator Controller 3CH,GOOD,1500,20,1500,20,1500,20,15,4,HIGH,108 mA,OFF,12 mA,LOW,119 mA,MID,130 mA,L20241111-01,,0,ActuatorContoller3CH-v01010100.hex
2024-11-19 10:53:23,F4CE36AB2BC8CC48,Actuator Controller 3CH,GOOD,1500,20,1500,20,1500,20,15,4,3,98 mA,off,10 mA,1,120 mA,2,133 mA,L20241111-01,,0,ActuatorContoller3CH-v01010100.hex
2024-11-15 14:22:31,F4CE36AFDD2D9A2C,Actuator Controller 3CH,GOOD,1500,20,1500,20,1500,20,15,4,3,108 mA,off,11 mA,1,125 mA,2,131 mA,L20241111-01,,0,ActuatorContoller3CH-v01010100.hex
2024-11-15 09:49:18,F4CE36B080F4D59B,Actuator Controller 3CH,GOOD,1500,20,1500,20,1500,20,15,4,3,106 mA,off,14 mA,1,109 mA,2,131 mA,L20241111-01,,0,ActuatorContoller3CH-v01010100.hex
2024-11-18 10:23:23,F4CE36B08DC50A18,Actuator Controller 3CH,GOOD,1500,20,1500,20,1500,20,15,4,3,102 mA,off,11 mA,1,114 mA,2,130 mA,L20241111-01,,0,ActuatorContoller3CH-v01010100.hex
2024-11-18 10:23:23,F4CE36B17E291D18,Actuator Controller 3CH,GOOD,1500,20,1500,20,1500,20,15,4,3,108 mA,off,12 mA,1,125 mA,2,132 mA,L20241111-01,,0,ActuatorContoller3CH-v01010100.hex
2024-11-15 12:58:55,F4CE36B288B350C9,Actuator Controller 3CH,GOOD,1500,20,1500,20,1500,20,15,4,3,106 mA,off,12 mA,1,126 mA,2,132 mA,L20241111-01,,1,ActuatorContoller3CH-v01010100.hex
2024-11-19 10:53:23,F4CE36B2DB4B8E2D,Actuator Controller 3CH,GOOD,1500,20,1500,20,1500,20,15,4,3,103 mA,off,11 mA,1,115 mA,2,133 mA,L20241111-01,,0,ActuatorContoller3CH-v01010100.hex
2024-11-14 13:34:43,F4CE36B3B73A692F,Actuator Controller 3CH,GOOD,1500,20,1500,20,1500,20,15,4,HIGH,105 mA,OFF,12 mA,LOW,122 mA,MID,131 mA,L20241111-01,,1,ActuatorContoller3CH-v01010100.hex
2024-11-15 09:49:18,F4CE36B42B785108,Actuator Controller 3CH,GOOD,1500,20,1500,20,1500,20,15,4,3,106 mA,off,10 mA,1,107 mA,2,130 mA,L20241111-01,,1,ActuatorContoller3CH-v01010100.hex
2024-11-19 10:53:23,F4CE36B558FD7C69,Actuator Controller 3CH,GOOD,1500,20,1500,20,1500,20,15,4,3,102 mA,off,12 mA,1,114 mA,2,131 mA,L20241111-01,,0,ActuatorContoller3CH-v01010100.hex
2024-11-18 10:23:23,F4CE36B5D795C770,Actuator Controller 3CH,GOOD,1500,20,1500,20,1500,20,15,4,3,105 mA,off,10 mA,1,113 mA,2,124 mA,L20241111-01,,0,ActuatorContoller3CH-v01010100.hex
2024-11-19 10:53:23,F4CE36B89E9933B8,Actuator Controller 3CH,GOOD,1500,20,1500,20,1500,20,15,4,3,104 mA,off,11 mA,1,127 mA,2,135 mA,L20241111-01,,0,ActuatorContoller3CH-v01010100.hex
2024-11-18 10:23:23,F4CE36B8C3E7D872,Actuator Controller 3CH,GOOD,1500,20,1500,20,1500,20,15,4,3,106 mA,off,13 mA,1,115 mA,2,133 mA,L20241111-01,,0,ActuatorContoller3CH-v01010100.hex
2024-11-14 10:27:11,F4CE36B909CBE18E,Actuator Controller 3CH,GOOD,1500,20,1500,20,1500,20,15,4,HIGH,108 mA,OFF,11 mA,LOW,117 mA,MID,131 mA,L20241111-01,,1,ActuatorContoller3CH-v01010100.hex
2024-11-18 14:39:44,F4CE36B92B956737,Actuator Controller 3CH,GOOD,1500,20,1500,20,1500,20,15,4,3,100 mA,off,12 mA,1,116 mA,2,134 mA,L20241111-01,,0,ActuatorContoller3CH-v01010100.hex
2024-11-15 14:22:31,F4CE36B954F7AF12,Actuator Controller 3CH,GOOD,1500,20,1500,20,1500,20,15,4,3,102 mA,off,10 mA,1,117 mA,2,130 mA,L20241111-01,,0,ActuatorContoller3CH-v01010100.hex
2024-11-15 14:22:31,F4CE36B9BEF3D982,Actuator Controller 3CH,GOOD,1500,20,1500,20,1500,20,15,4,3,108 mA,off,11 mA,1,125 mA,2,133 mA,L20241111-01,,0,ActuatorContoller3CH-v01010100.hex
2024-11-19 10:53:23,F4CE36B9D97B60A2,Actuator Controller 3CH,GOOD,1500,20,1500,20,1500,20,15,4,3,106 mA,off,12 mA,1,118 mA,2,132 mA,L20241111-01,,0,ActuatorContoller3CH-v01010100.hex
2024-11-14 13:34:43,F4CE36BA721FBC15,Actuator Controller 3CH,GOOD,1500,20,1500,20,1500,20,15,4,HIGH,107 mA,OFF,12 mA,LOW,114 mA,MID,131 mA,L20241111-01,,0,ActuatorContoller3CH-v01010100.hex
2024-11-18 10:23:23,F4CE36BAE2D7D918,Actuator Controller 3CH,GOOD,1500,20,1500,20,1500,20,15,4,HIGH,104 mA,OFF,11 mA,LOW,112 mA,MID,129 mA,L20241111-01,,0,ActuatorContoller3CH-v01010100.hex
2024-11-18 13:34:17,F4CE36BAF0A5CC36,Actuator Controller 3CH,GOOD,1500,20,1500,20,1500,20,15,4,3,100 mA,off,12 mA,1,113 mA,2,132 mA,L20241111-01,,0,ActuatorContoller3CH-v01010100.hex
2024-11-15 14:22:31,F4CE36BB617C3E24,Actuator Controller 3CH,GOOD,1500,20,1500,20,1500,20,15,4,3,106 mA,off,10 mA,1,135 mA,2,131 mA,L20241111-01,,0,ActuatorContoller3CH-v01010100.hex
2024-11-15 12:58:55,F4CE36BC3229A712,Actuator Controller 3CH,GOOD,1500,20,1500,20,1500,20,15,4,3,100 mA,off,11 mA,1,122 mA,2,131 mA,L20241111-01,,0,ActuatorContoller3CH-v01010100.hex
2024-11-15 14:22:31,F4CE36BC52F17F45,Actuator Controller 3CH,GOOD,1500,20,1500,20,1500,20,15,4,HIGH,97 mA,OFF,12 mA,LOW,114 mA,MID,132 mA,L20241111-01,,1,ActuatorContoller3CH-v01010100.hex
2024-11-15 14:22:31,F4CE36BCBB406686,Actuator Controller 3CH,GOOD,1500,20,1500,20,1500,20,15,4,3,109 mA,off,12 mA,1,125 mA,2,130 mA,L20241111-01,,0,ActuatorContoller3CH-v01010100.hex
2024-11-15 12:58:55,F4CE36BDBA5B0903,Actuator Controller 3CH,GOOD,1500,20,1500,20,1500,20,15,4,3,106 mA,off,11 mA,1,123 mA,2,132 mA,L20241111-01,,0,ActuatorContoller3CH-v01010100.hex
2024-11-18 10:23:23,F4CE36BEA21C2075,Actuator Controller 3CH,GOOD,1500,20,1500,20,1500,20,15,4,3,106 mA,off,11 mA,1,117 mA,2,132 mA,L20241111-01,,0,ActuatorContoller3CH-v01010100.hex
2024-11-14 13:34:43,F4CE36BF4A4EA964,Actuator Controller 3CH,GOOD,1500,20,1500,20,1500,20,15,4,HIGH,108 mA,OFF,10 mA,LOW,120 mA,MID,132 mA,L20241111-01,,0,ActuatorContoller3CH-v01010100.hex
2024-11-14 13:34:43,F4CE36BFDAB725BE,Actuator Controller 3CH,GOOD,1500,20,1500,20,1500,20,15,4,HIGH,109 mA,OFF,13 mA,LOW,121 mA,MID,132 mA,L20241111-01,,0,ActuatorContoller3CH-v01010100.hex
2024-11-18 10:23:23,F4CE36C0E392CFAA,Actuator Controller 3CH,GOOD,1500,20,1500,20,1500,20,15,4,3,109 mA,off,12 mA,1,120 mA,2,132 mA,L20241111-01,,0,ActuatorContoller3CH-v01010100.hex
2024-11-14 13:34:43,F4CE36C152D65EF1,Actuator Controller 3CH,GOOD,1500,20,1500,20,1500,20,15,4,HIGH,108 mA,OFF,11 mA,LOW,122 mA,MID,123 mA,L20241111-01,,0,ActuatorContoller3CH-v01010100.hex
2024-11-19 10:53:23,F4CE36C235BE5875,Actuator Controller 3CH,GOOD,1500,20,1500,20,1500,20,15,4,3,111 mA,off,11 mA,1,117 mA,2,130 mA,L20241111-01,,0,ActuatorContoller3CH-v01010100.hex
2024-11-14 13:34:43,F4CE36C2A727BC13,Actuator Controller 3CH,GOOD,1500,20,1500,20,1500,20,15,4,HIGH,105 mA,OFF,12 mA,LOW,113 mA,MID,129 mA,L20241111-01,,0,ActuatorContoller3CH-v01010100.hex
2024-11-15 12:58:55,F4CE36C383FD7D38,Actuator Controller 3CH,GOOD,1500,20,1500,20,1500,20,15,4,3,111 mA,off,12 mA,1,129 mA,2,133 mA,L20241111-01,,1,ActuatorContoller3CH-v01010100.hex
2024-11-15 11:08:45,F4CE36C3A103A85A,Actuator Controller 3CH,GOOD,1500,20,1500,20,1500,20,15,4,3,107 mA,off,11 mA,1,120 mA,2,132 mA,L20241111-01,,0,ActuatorContoller3CH-v01010100.hex
2024-11-14 13:34:43,F4CE36C3D41710FE,Actuator Controller 3CH,GOOD,1500,20,1500,20,1500,20,15,4,HIGH,108 mA,OFF,11 mA,LOW,116 mA,MID,131 mA,L20241111-01,,0,ActuatorContoller3CH-v01010100.hex
2024-11-19 10:53:23,F4CE36C42F7EEC57,Actuator Controller 3CH,GOOD,1500,20,1500,20,1500,20,15,4,3,111 mA,off,12 mA,1,135 mA,2,133 mA,L20241111-01,,0,ActuatorContoller3CH-v01010100.hex
2024-11-15 09:49:18,F4CE36C4DAF7B204,Actuator Controller 3CH,GOOD,1500,20,1500,20,1500,20,15,4,3,104 mA,off,11 mA,1,125 mA,2,131 mA,L20241111-01,,0,ActuatorContoller3CH-v01010100.hex
2024-11-15 12:17:24,F4CE36C72387F9E1,Actuator Controller 3CH,GOOD,1500,20,1500,20,1500,20,15,4,3,111 mA,off,12 mA,1,126 mA,2,131 mA,L20241111-01,,0,ActuatorContoller3CH-v01010100.hex
2024-11-18 10:23:23,F4CE36C7DFBED2C6,Actuator Controller 3CH,GOOD,1500,20,1500,20,1500,20,15,4,3,109 mA,off,12 mA,1,121 mA,2,133 mA,L20241111-01,,0,ActuatorContoller3CH-v01010100.hex
2024-11-15 14:22:31,F4CE36C93742C551,Actuator Controller 3CH,GOOD,1500,20,1500,20,1500,20,15,4,3,106 mA,off,11 mA,1,122 mA,2,130 mA,L20241111-01,,0,ActuatorContoller3CH-v01010100.hex
2024-11-14 11:55:15,F4CE36C9E56D5CEA,Actuator Controller 3CH,GOOD,1500,20,1500,20,1500,20,15,4,HIGH,106 mA,OFF,9 mA,LOW,123 mA,MID,133 mA,L20241111-01,,0,ActuatorContoller3CH-v01010100.hex
2024-11-15 14:22:31,F4CE36CA5DC0409D,Actuator Controller 3CH,GOOD,1500,20,1500,20,1500,20,15,4,3,106 mA,off,11 mA,1,127 mA,2,123 mA,L20241111-01,,0,ActuatorContoller3CH-v01010100.hex
2024-11-15 14:22:31,F4CE36CBED0BAC27,Actuator Controller 3CH,GOOD,1500,20,1500,20,1500,20,15,4,3,108 mA,off,11 mA,1,118 mA,2,130 mA,L20241111-01,,0,ActuatorContoller3CH-v01010100.hex
2024-11-15 14:22:31,F4CE36CCC6B8573A,Actuator Controller 3CH,GOOD,1500,20,1500,20,1500,20,15,4,HIGH,109 mA,OFF,12 mA,LOW,125 mA,MID,131 mA,L20241111-01,,1,ActuatorContoller3CH-v01010100.hex
2024-11-18 13:34:17,F4CE36CD58246F6F,Actuator Controller 3CH,GOOD,1500,20,1500,20,1500,20,15,4,3,107 mA,off,12 mA,1,117 mA,2,132 mA,L20241111-01,,0,ActuatorContoller3CH-v01010100.hex
2024-11-14 11:55:15,F4CE36CD6503A09E,Actuator Controller 3CH,GOOD,1500,20,1500,20,1500,20,15,4,HIGH,108 mA,OFF,12 mA,LOW,117 mA,MID,132 mA,L20241111-01,,0,ActuatorContoller3CH-v01010100.hex
2024-11-15 14:22:31,F4CE36CE03976CA8,Actuator Controller 3CH,GOOD,1500,20,1500,20,1500,20,15,4,3,105 mA,off,12 mA,1,118 mA,2,131 mA,L20241111-01,,0,ActuatorContoller3CH-v01010100.hex
2024-11-18 10:23:23,F4CE36CEE5147C8B,Actuator Controller 3CH,GOOD,1500,20,1500,20,1500,20,15,4,3,105 mA,off,12 mA,1,117 mA,2,131 mA,L20241111-01,,0,ActuatorContoller3CH-v01010100.hex
2024-11-19 10:53:23,F4CE36CEFCE2AFF7,Actuator Controller 3CH,GOOD,1500,20,1500,20,1500,20,15,4,3,109 mA,off,11 mA,1,127 mA,2,134 mA,L20241111-01,,0,ActuatorContoller3CH-v01010100.hex
2024-11-18 10:23:23,F4CE36CFCC405AFA,Actuator Controller 3CH,GOOD,1500,20,1500,20,1500,20,15,4,3,108 mA,off,11 mA,1,113 mA,2,130 mA,L20241111-01,,0,ActuatorContoller3CH-v01010100.hex
2024-11-15 14:22:31,F4CE36D12E31D1CF,Actuator Controller 3CH,GOOD,1500,20,1500,20,1500,20,15,4,OFF,10 mA,LOW,125 mA,MID,134 mA,HIGH,98 mA,L20241111-01,,0,ActuatorContoller3CH-v01010100.hex
2024-11-14 13:34:43,F4CE36D27289E935,Actuator Controller 3CH,GOOD,1500,20,1500,20,1500,20,15,4,HIGH,106 mA,OFF,12 mA,LOW,115 mA,MID,131 mA,L20241111-01,,0,ActuatorContoller3CH-v01010100.hex
2024-11-18 10:23:23,F4CE36D27ECAC8F7,Actuator Controller 3CH,GOOD,1500,20,1500,20,1500,20,15,4,HIGH,106 mA,OFF,13 mA,LOW,116 mA,MID,130 mA,L20241111-01,,0,ActuatorContoller3CH-v01010100.hex
2024-11-20 10:41:41,F4CE36D28487AB85,Actuator Controller 3CH,GOOD,1500,20,1500,20,1500,20,15,4,3,528 mA,off,13 mA,1,167 mA,2,275 mA,L20241111-01,,1,ActuatorContoller3CH-v01010100.hex
2024-11-15 14:22:31,F4CE36D3667862EF,Actuator Controller 3CH,GOOD,1500,20,1500,20,1500,20,15,4,3,104 mA,off,11 mA,1,123 mA,2,133 mA,L20241111-01,,0,ActuatorContoller3CH-v01010100.hex
2024-11-15 10:57:18,F4CE36D38E1EE4D1,Actuator Controller 3CH,GOOD,1500,20,1500,20,1500,20,15,4,3,106 mA,off,11 mA,1,131 mA,2,134 mA,L20241111-01,,1,ActuatorContoller3CH-v01010100.hex
2024-11-15 12:58:55,F4CE36D3941E4B8E,Actuator Controller 3CH,GOOD,1500,20,1500,20,1500,20,15,4,3,108 mA,off,10 mA,1,134 mA,2,132 mA,L20241111-01,,0,ActuatorContoller3CH-v01010100.hex
2024-11-15 12:58:55,F4CE36D3D0B8D1B6,Actuator Controller 3CH,GOOD,1500,20,1500,20,1500,20,15,4,3,107 mA,off,12 mA,1,124 mA,2,134 mA,L20241111-01,,0,ActuatorContoller3CH-v01010100.hex
2024-11-19 10:53:23,F4CE36D5962F9D85,Actuator Controller 3CH,GOOD,1500,20,1500,20,1500,20,15,4,3,110 mA,off,11 mA,1,128 mA,2,131 mA,L20241111-01,,0,ActuatorContoller3CH-v01010100.hex
2024-11-18 13:34:17,F4CE36D7677CC2B9,Actuator Controller 3CH,GOOD,1500,20,1500,20,1500,20,15,4,3,107 mA,off,10 mA,1,114 mA,2,133 mA,L20241111-01,,0,ActuatorContoller3CH-v01010100.hex
2024-11-18 14:39:44,F4CE36D8F17B5653,Actuator Controller 3CH,GOOD,1500,20,1500,20,1500,20,15,4,3,108 mA,off,10 mA,1,119 mA,2,133 mA,L20241111-01,,0,ActuatorContoller3CH-v01010100.hex
2024-11-18 10:23:23,F4CE36DBB8D17BEB,Actuator Controller 3CH,GOOD,1500,20,1500,20,1500,20,15,4,3,105 mA,off,12 mA,1,113 mA,2,133 mA,L20241111-01,,0,ActuatorContoller3CH-v01010100.hex
2024-11-18 10:23:23,F4CE36DC030F144B,Actuator Controller 3CH,GOOD,1500,20,1500,20,1500,20,15,4,3,104 mA,off,13 mA,1,118 mA,2,132 mA,L20241111-01,,0,ActuatorContoller3CH-v01010100.hex
2024-11-14 13:34:43,F4CE36DC7E0E3FC4,Actuator Controller 3CH,GOOD,1500,20,1500,20,1500,20,15,4,HIGH,101 mA,OFF,11 mA,LOW,111 mA,MID,128 mA,L20241111-01,,0,ActuatorContoller3CH-v01010100.hex
2024-11-14 13:34:43,F4CE36DC82CA6AAC,Actuator Controller 3CH,GOOD,1500,20,1500,20,1500,20,15,4,HIGH,107 mA,OFF,11 mA,LOW,120 mA,MID,132 mA,L20241111-01,,0,ActuatorContoller3CH-v01010100.hex
2024-11-14 13:34:43,F4CE36DCE82FADEF,Actuator Controller 3CH,GOOD,1500,20,1500,20,1500,20,15,4,HIGH,116 mA,OFF,10 mA,LOW,123 mA,MID,131 mA,L20241111-01,,0,ActuatorContoller3CH-v01010100.hex
2024-11-14 13:34:43,F4CE36DCECE4B117,Actuator Controller 3CH,GOOD,1500,20,1500,20,1500,20,15,4,HIGH,109 mA,OFF,11 mA,LOW,119 mA,MID,131 mA,L20241111-01,,0,ActuatorContoller3CH-v01010100.hex
2024-11-14 13:34:43,F4CE36DD5DE568EF,Actuator Controller 3CH,GOOD,1500,20,1500,20,1500,20,15,4,HIGH,108 mA,OFF,12 mA,LOW,115 mA,MID,127 mA,L20241111-01,,0,ActuatorContoller3CH-v01010100.hex
2024-11-15 12:58:55,F4CE36DDDC2F523B,Actuator Controller 3CH,GOOD,1500,20,1500,20,1500,20,15,4,3,112 mA,off,12 mA,1,113 mA,2,132 mA,L20241111-01,,0,ActuatorContoller3CH-v01010100.hex
2024-11-19 10:53:23,F4CE36DEC0265ED2,Actuator Controller 3CH,GOOD,1500,20,1500,20,1500,20,15,4,3,107 mA,off,12 mA,1,126 mA,2,133 mA,L20241111-01,,0,ActuatorContoller3CH-v01010100.hex
2024-11-14 11:55:15,F4CE36DEF0B5C377,Actuator Controller 3CH,GOOD,1500,20,1500,20,1500,20,15,4,HIGH,102 mA,OFF,11 mA,LOW,120 mA,MID,130 mA,L20241111-01,,0,ActuatorContoller3CH-v01010100.hex
2024-11-15 14:22:31,F4CE36DF1A56ED49,Actuator Controller 3CH,GOOD,1500,20,1500,20,1500,20,15,4,3,108 mA,off,11 mA,1,126 mA,2,133 mA,L20241111-01,,0,ActuatorContoller3CH-v01010100.hex
2024-11-19 10:53:23,F4CE36DF92DDD0B2,Actuator Controller 3CH,GOOD,1500,20,1500,20,1500,20,15,4,3,106 mA,off,12 mA,1,125 mA,2,134 mA,L20241111-01,,0,ActuatorContoller3CH-v01010100.hex
2024-11-14 13:34:43,F4CE36E0DF67DC71,Actuator Controller 3CH,GOOD,1500,20,1500,20,1500,20,15,4,HIGH,106 mA,OFF,13 mA,LOW,120 mA,MID,131 mA,L20241111-01,,1,ActuatorContoller3CH-v01010100.hex
2024-11-18 14:39:44,F4CE36E16CE3D6DB,Actuator Controller 3CH,GOOD,1500,20,1500,20,1500,20,15,4,3,109 mA,off,13 mA,1,121 mA,2,133 mA,L20241111-01,,0,ActuatorContoller3CH-v01010100.hex
2024-11-14 13:34:43,F4CE36E225DAC004,Actuator Controller 3CH,GOOD,1500,20,1500,20,1500,20,15,4,HIGH,102 mA,OFF,10 mA,LOW,109 mA,MID,128 mA,L20241111-01,,0,ActuatorContoller3CH-v01010100.hex
2024-11-15 14:22:31,F4CE36E2D9A1F5FE,Actuator Controller 3CH,GOOD,1500,20,1500,20,1500,20,15,4,3,110 mA,off,12 mA,1,131 mA,2,134 mA,L20241111-01,,0,ActuatorContoller3CH-v01010100.hex
2024-11-18 14:39:44,F4CE36E3B9908C24,Actuator Controller 3CH,GOOD,1500,20,1500,20,1500,20,15,4,3,109 mA,off,12 mA,1,125 mA,2,130 mA,L20241111-01,,0,ActuatorContoller3CH-v01010100.hex
2024-11-19 10:53:23,F4CE36E3ECBBD744,Actuator Controller 3CH,GOOD,1500,20,1500,20,1500,20,15,4,3,105 mA,off,15 mA,1,122 mA,2,131 mA,L20241111-01,,0,ActuatorContoller3CH-v01010100.hex
2024-11-18 14:39:44,F4CE36E562ACBBE8,Actuator Controller 3CH,GOOD,1500,20,1500,20,1500,20,15,4,3,106 mA,off,11 mA,1,118 mA,2,131 mA,L20241111-01,,0,ActuatorContoller3CH-v01010100.hex
2024-11-14 11:55:15,F4CE36E62C4EAC87,Actuator Controller 3CH,GOOD,1500,20,1500,20,1500,20,15,4,HIGH,105 mA,OFF,12 mA,LOW,118 mA,MID,130 mA,L20241111-01,,0,ActuatorContoller3CH-v01010100.hex
2024-11-14 13:34:43,F4CE36E838488906,Actuator Controller 3CH,GOOD,1500,20,1500,20,1500,20,15,4,HIGH,103 mA,OFF,11 mA,LOW,125 mA,MID,134 mA,L20241111-01,,0,ActuatorContoller3CH-v01010100.hex
2024-11-19 10:53:23,F4CE36E98F6DFCA1,Actuator Controller 3CH,GOOD,1500,20,1500,20,1500,20,15,4,3,105 mA,off,12 mA,1,129 mA,2,129 mA,L20241111-01,,0,ActuatorContoller3CH-v01010100.hex
2024-11-19 10:53:23,F4CE36EA53376F5F,Actuator Controller 3CH,GOOD,1500,20,1500,20,1500,20,15,4,3,107 mA,off,11 mA,1,116 mA,2,132 mA,L20241111-01,,0,ActuatorContoller3CH-v01010100.hex
2024-11-14 10:27:11,F4CE36EACCF657A2,Actuator Controller 3CH,GOOD,1500,20,1500,20,1500,20,15,4,HIGH,105 mA,OFF,11 mA,LOW,125 mA,MID,132 mA,L20241111-01,,1,ActuatorContoller3CH-v01010100.hex
2024-11-18 14:23:17,F4CE36EB79F72505,Actuator Controller 3CH,GOOD,1500,20,1500,20,1500,20,15,4,3,105 mA,off,11 mA,1,114 mA,2,130 mA,L20241111-01,,0,ActuatorContoller3CH-v01010100.hex
2024-11-19 12:29:43,F4CE36EBF9E5F51D,Actuator Controller 3CH,GOOD,1500,20,1500,20,1500,20,15,4,3,108 mA,off,12 mA,1,118 mA,2,132 mA,L20241111-01,,0,ActuatorContoller3CH-v01010100.hex
2024-11-14 13:34:43,F4CE36EE4A85A24F,Actuator Controller 3CH,GOOD,1500,20,1500,20,1500,20,15,4,HIGH,105 mA,OFF,12 mA,LOW,116 mA,MID,134 mA,L20241111-01,,0,ActuatorContoller3CH-v01010100.hex
2024-11-18 10:23:23,F4CE36EF8D9BE9E1,Actuator Controller 3CH,GOOD,1500,20,1500,20,1500,20,15,4,3,98 mA,off,13 mA,1,114 mA,2,131 mA,L20241111-01,,0,ActuatorContoller3CH-v01010100.hex
2024-11-14 11:55:15,F4CE36F039665B20,Actuator Controller 3CH,GOOD,1500,20,1500,20,1500,20,15,4,HIGH,109 mA,OFF,11 mA,LOW,129 mA,MID,130 mA,L20241111-01,,0,ActuatorContoller3CH-v01010100.hex
2024-11-18 10:23:23,F4CE36F0988D3241,Actuator Controller 3CH,GOOD,1500,20,1500,20,1500,20,15,4,3,105 mA,off,10 mA,1,111 mA,2,126 mA,L20241111-01,,0,ActuatorContoller3CH-v01010100.hex
2024-11-15 14:22:31,F4CE36F11F4B88C0,Actuator Controller 3CH,GOOD,1500,20,1500,20,1500,20,15,4,3,97 mA,off,15 mA,1,117 mA,2,133 mA,L20241111-01,,0,ActuatorContoller3CH-v01010100.hex
2024-11-19 10:53:23,F4CE36F1373A45E1,Actuator Controller 3CH,GOOD,1500,20,1500,20,1500,20,15,4,HIGH,104 mA,OFF,10 mA,LOW,119 mA,MID,134 mA,L20241111-01,,0,ActuatorContoller3CH-v01010100.hex
2024-11-18 10:23:23,F4CE36F1BB0B222B,Actuator Controller 3CH,GOOD,1500,20,1500,20,1500,20,15,4,3,107 mA,off,10 mA,1,121 mA,2,134 mA,L20241111-01,,0,ActuatorContoller3CH-v01010100.hex
2024-11-15 14:22:31,F4CE36F1CE5F0A45,Actuator Controller 3CH,GOOD,1500,20,1500,20,1500,20,15,4,3,102 mA,off,11 mA,1,123 mA,2,131 mA,L20241111-01,,0,ActuatorContoller3CH-v01010100.hex
2024-11-14 13:34:43,F4CE36F217497321,Actuator Controller 3CH,GOOD,1500,20,1500,20,1500,20,15,4,HIGH,87 mA,OFF,11 mA,LOW,105 mA,MID,130 mA,L20241111-01,,0,ActuatorContoller3CH-v01010100.hex
2024-11-18 13:34:17,F4CE36F43A9B22C0,Actuator Controller 3CH,GOOD,1500,20,1500,20,1500,20,15,4,3,106 mA,off,11 mA,1,109 mA,2,134 mA,L20241111-01,,0,ActuatorContoller3CH-v01010100.hex
2024-11-19 10:53:23,F4CE36F638A9AB65,Actuator Controller 3CH,GOOD,1500,20,1500,20,1500,20,15,4,3,108 mA,off,11 mA,1,120 mA,2,131 oA,L20241111-01,,0,ActuatorContoller3CH-v01010100.hex
2024-11-14 13:34:43,F4CE36F6A587E7EF,Actuator Controller 3CH,GOOD,1500,20,1500,20,1500,20,15,4,HIGH,95 mA,OFF,12 mA,LOW,108 mA,MID,131 mA,L20241111-01,,0,ActuatorContoller3CH-v01010100.hex
2024-11-15 14:22:31,F4CE36F770C92201,Actuator Controller 3CH,GOOD,1500,20,1500,20,1500,20,15,4,3,108 mA,off,10 mA,1,118 mA,2,131 mA,L20241111-01,,0,ActuatorContoller3CH-v01010100.hex
2024-11-15 14:22:31,F4CE36F79EE51724,Actuator Controller 3CH,GOOD,1500,20,1500,20,1500,20,15,4,HIGH,107 mA,OFF,10 mA,LOW,124 mA,MID,131 mA,L20241111-01,,1,ActuatorContoller3CH-v01010100.hex
2024-11-19 10:53:23,F4CE36F834F68CD0,Actuator Controller 3CH,GOOD,1500,20,1500,20,1500,20,15,4,HIGH,103 mA,OFF,10 mA,LOW,122 mA,MID,132 mA,L20241111-01,,0,ActuatorContoller3CH-v01010100.hex
2024-11-18 10:23:23,F4CE36F83F28EBF0,Actuator Controller 3CH,GOOD,1500,20,1500,20,1500,20,15,4,3,105 mA,off,10 mA,1,114 mA,2,132 mA,L20241111-01,,0,ActuatorContoller3CH-v01010100.hex
2024-11-14 13:34:43,F4CE36F9980A3056,Actuator Controller 3CH,GOOD,1500,20,1500,20,1500,20,15,4,HIGH,108 mA,OFF,12 mA,LOW,123 mA,MID,129 mA,L20241111-01,,0,ActuatorContoller3CH-v01010100.hex
2024-11-14 10:27:11,F4CE36F9C7CE4125,Actuator Controller 3CH,GOOD,1500,20,1500,20,1500,20,15,4,HIGH,103 mA,OFF,13 mA,LOW,118 mA,MID,132 mA,L20241111-01,,0,ActuatorContoller3CH-v01010100.hex
2024-11-18 10:23:23,F4CE36FA7083BF18,Actuator Controller 3CH,GOOD,1500,20,1500,20,1500,20,15,4,3,109 mA,off,11 mA,1,115 mA,2,134 mA,L20241111-01,,0,ActuatorContoller3CH-v01010100.hex
2024-11-18 14:39:44,F4CE36FAE25602C8,Actuator Controller 3CH,GOOD,1500,20,1500,20,1500,20,15,4,3,106 mA,off,9 mA,1,120 mA,2,132 mA,L20241111-01,,0,ActuatorContoller3CH-v01010100.hex
2024-11-15 12:58:55,F4CE36FB2933C02F,Actuator Controller 3CH,GOOD,1500,20,1500,20,1500,20,15,4,3,101 mA,off,12 mA,1,116 mA,2,131 mA,L20241111-01,,0,ActuatorContoller3CH-v01010100.hex
2024-11-19 10:53:23,F4CE36FC6C2C492B,Actuator Controller 3CH,GOOD,1500,20,1500,20,1500,20,15,4,3,104 mA,off,12 mA,1,124 mA,2,132 mA,L20241111-01,,0,ActuatorContoller3CH-v01010100.hex
2024-11-15 14:22:31,F4CE36FDFD98F174,Actuator Controller 3CH,GOOD,1500,20,1500,20,1500,20,15,4,3,96 mA,off,11 mA,1,116 mA,2,133 mA,L20241111-01,,0,ActuatorContoller3CH-v01010100.hex
